,year,tmID,rank,playoff,o_fgm,o_fga,o_ftm,o_fta,o_3pm,o_3pa,o_oreb,o_dreb,o_reb,o_asts,o_pf,o_stl,o_to,o_blk,o_pts,d_fgm,d_fga,d_ftm,d_fta,d_3pm,d_3pa,d_oreb,d_dreb,d_reb,d_asts,d_pf,d_stl,d_to,d_blk,d_pts,min,team_playoffs_count,Winrate,PO_Winrate,coach_reg_season_wr,coach_po_season_wr,coach_playoffs_count,coach_awards,p_GP,p_GS,p_minutes,p_points,p_oRebounds,p_dRebounds,p_rebounds,p_assists,p_steals,p_blocks,p_turnovers,p_PF,p_fgAttempted,p_fgMade,p_ftAttempted,p_ftMade,p_threeAttempted,p_threeMade,p_dq,p_PostGP,p_PostGS,p_PostMinutes,p_PostPoints,p_PostoRebounds,p_PostdRebounds,p_PostRebounds,p_PostAssists,p_PostSteals,p_PostBlocks,p_PostTurnovers,p_PostPF,p_PostfgAttempted,p_PostfgMade,p_PostftAttempted,p_PostftMade,p_PostthreeAttempted,p_PostthreeMade,p_PostDQ,p_player_awards,cum_power_rating
0,9,ATL,0.0,0,0.0,0.0,0.0,0.0,0.0,0.0,0.0,0.0,0.0,0.0,0.0,0.0,0.0,0.0,0.0,0.0,0.0,0.0,0.0,0.0,0.0,0.0,0.0,0.0,0.0,0.0,0.0,0.0,0.0,0.0,6825,0,0.0,0.0,0.0,0.0,0,0,274.0,97.0,4918.0,1705.0,233.0,491.0,724.0,364.0,172.0,64.0,360.0,462.0,1502.0,620.0,365.0,278.0,491.0,187.0,1.0,27.0,4.0,322.0,119.0,10.0,29.0,39.0,24.0,8.0,8.0,18.0,34.0,111.0,42.0,27.0,17.0,49.0,18.0,1.0,2,0.13511620065634944
1,10,ATL,7.0,1,895.0,2258.0,542.0,725.0,202.0,598.0,340.0,737.0,1077.0,492.0,796.0,285.0,593.0,142.0,2534.0,1014.0,2254.0,679.0,918.0,172.0,502.0,401.0,864.0,1265.0,684.0,726.0,310.0,561.0,134.0,2879.0,6950,0,0.11764705882352941,0.0,0.11764705882352941,0.0,0,0,274.0,183.0,6209.0,2186.0,339.0,689.0,1028.0,489.0,250.0,116.0,474.0,696.0,1955.0,799.0,592.0,441.0,458.0,147.0,10.0,0.0,0.0,0.0,0.0,0.0,0.0,0.0,0.0,0.0,0.0,0.0,0.0,0.0,0.0,0.0,0.0,0.0,0.0,0.0,4,0.2348133873019734
2,1,CHA,0.0,0,0.0,0.0,0.0,0.0,0.0,0.0,0.0,0.0,0.0,0.0,0.0,0.0,0.0,0.0,0.0,0.0,0.0,0.0,0.0,0.0,0.0,0.0,0.0,0.0,0.0,0.0,0.0,0.0,0.0,0.0,6475,0,0.0,0.0,0.0,0.0,0,0,0.0,0.0,0.0,0.0,0.0,0.0,0.0,0.0,0.0,0.0,0.0,0.0,0.0,0.0,0.0,0.0,0.0,0.0,0.0,0.0,0.0,0.0,0.0,0.0,0.0,0.0,0.0,0.0,0.0,0.0,0.0,0.0,0.0,0.0,0.0,0.0,0.0,0.0,0,0.0
3,2,CHA,8.0,1,812.0,1903.0,431.0,577.0,131.0,386.0,305.0,630.0,935.0,551.0,713.0,222.0,496.0,90.0,2186.0,879.0,1930.0,533.0,716.0,138.0,423.0,326.0,664.0,990.0,596.0,596.0,259.0,426.0,123.0,2429.0,6500,0,0.25,0.0,0.28125,0.0,0,0,228.0,90.0,4803.0,1621.0,200.0,430.0,630.0,512.0,186.0,57.0,359.0,509.0,1370.0,574.0,451.0,346.0,397.0,127.0,4.0,10.0,2.0,121.0,29.0,11.0,14.0,25.0,8.0,3.0,2.0,10.0,18.0,27.0,10.0,10.0,6.0,13.0,3.0,0.0,0,0.24886013020841605
4,3,CHA,4.0,1,746.0,1780.0,410.0,528.0,153.0,428.0,309.0,639.0,948.0,467.0,605.0,217.0,474.0,114.0,2055.0,732.0,1846.0,431.0,562.0,114.0,369.0,344.0,567.0,911.0,443.0,579.0,257.0,447.0,124.0,2009.0,6450,1,0.5625,0.5,0.5625,0.5,1,0,338.0,179.0,6931.0,2155.0,340.0,636.0,976.0,498.0,223.0,127.0,507.0,646.0,1893.0,772.0,595.0,453.0,449.0,158.0,7.0,65.0,40.0,1469.0,425.0,60.0,134.0,194.0,110.0,46.0,28.0,98.0,132.0,397.0,160.0,84.0,66.0,103.0,39.0,0.0,0,0.3117383319685133
5,4,CHA,2.0,1,770.0,1790.0,490.0,663.0,211.0,527.0,302.0,653.0,955.0,496.0,647.0,241.0,408.0,105.0,2241.0,778.0,1807.0,444.0,598.0,133.0,372.0,295.0,620.0,915.0,489.0,600.0,208.0,424.0,103.0,2133.0,6850,2,0.5625,0.0,0.0,0.0,0,0,268.0,160.0,6215.0,2126.0,277.0,581.0,858.0,504.0,241.0,88.0,381.0,582.0,1727.0,734.0,605.0,451.0,511.0,207.0,6.0,15.0,10.0,337.0,96.0,18.0,36.0,54.0,26.0,15.0,3.0,22.0,23.0,106.0,39.0,16.0,8.0,40.0,10.0,0.0,0,0.31374756426700656
6,5,CHA,2.0,0,787.0,1881.0,456.0,590.0,187.0,517.0,342.0,629.0,971.0,499.0,697.0,279.0,497.0,115.0,2217.0,790.0,1902.0,477.0,667.0,138.0,407.0,386.0,621.0,1007.0,491.0,606.0,264.0,469.0,104.0,2195.0,6900,3,0.5294117647058824,0.0,0.5294117647058824,0.0,1,0,304.0,196.0,6854.0,2043.0,329.0,657.0,986.0,534.0,271.0,122.0,471.0,708.0,1776.0,739.0,547.0,420.0,430.0,145.0,6.0,18.0,10.0,374.0,118.0,20.0,35.0,55.0,25.0,9.0,6.0,25.0,36.0,101.0,41.0,29.0,24.0,27.0,12.0,0.0,0,0.31965280794416234
7,6,CHA,5.0,0,745.0,1744.0,436.0,590.0,166.0,459.0,256.0,616.0,872.0,426.0,648.0,210.0,479.0,134.0,2092.0,800.0,1932.0,438.0,587.0,130.0,349.0,368.0,628.0,996.0,516.0,595.0,243.0,437.0,114.0,2168.0,6945,3,0.47058823529411764,0.0,0.47058823529411764,0.0,1,0,283.0,189.0,6848.0,2208.0,238.0,570.0,808.0,547.0,261.0,129.0,473.0,624.0,1951.0,805.0,617.0,468.0,430.0,130.0,3.0,16.0,16.0,477.0,161.0,26.0,52.0,78.0,39.0,22.0,12.0,47.0,42.0,171.0,65.0,33.0,24.0,24.0,7.0,0.0,0,0.3329231995311541
8,7,CHA,6.0,0,772.0,1913.0,447.0,624.0,104.0,301.0,316.0,609.0,925.0,493.0,727.0,284.0,535.0,113.0,2095.0,851.0,1888.0,509.0,713.0,124.0,339.0,355.0,700.0,1055.0,496.0,654.0,269.0,534.0,146.0,2335.0,6825,3,0.17647058823529413,0.0,0.3,0.0,0,0,227.0,145.0,5161.0,1610.0,242.0,500.0,742.0,317.0,209.0,92.0,390.0,529.0,1440.0,581.0,505.0,369.0,227.0,79.0,8.0,0.0,0.0,0.0,0.0,0.0,0.0,0.0,0.0,0.0,0.0,0.0,0.0,0.0,0.0,0.0,0.0,0.0,0.0,0.0,0,0.22349619130179152
9,7,CHI,0.0,0,0.0,0.0,0.0,0.0,0.0,0.0,0.0,0.0,0.0,0.0,0.0,0.0,0.0,0.0,0.0,0.0,0.0,0.0,0.0,0.0,0.0,0.0,0.0,0.0,0.0,0.0,0.0,0.0,0.0,0.0,6800,0,0.0,0.0,0.0,0.0,0,0,346.0,118.0,5917.0,1556.0,277.0,503.0,780.0,409.0,207.0,97.0,367.0,699.0,1462.0,577.0,414.0,278.0,371.0,124.0,4.0,25.0,11.0,494.0,126.0,19.0,46.0,65.0,23.0,10.0,4.0,27.0,62.0,97.0,41.0,50.0,36.0,24.0,8.0,1.0,0,0.19193234092606382
10,8,CHI,7.0,0,858.0,2175.0,449.0,643.0,157.0,536.0,357.0,680.0,1037.0,509.0,674.0,277.0,527.0,125.0,2322.0,971.0,2147.0,545.0,736.0,200.0,536.0,379.0,860.0,1239.0,623.0,584.0,262.0,535.0,120.0,2687.0,6972,0,0.14705882352941177,0.0,0.0,0.0,0,0,195.0,136.0,4365.0,1542.0,210.0,415.0,625.0,384.0,173.0,62.0,292.0,408.0,1371.0,529.0,540.0,411.0,264.0,73.0,2.0,2.0,2.0,48.0,16.0,0.0,4.0,4.0,6.0,0.0,0.0,5.0,1.0,8.0,6.0,6.0,4.0,0.0,0.0,0.0,0,0.2000247090412258
11,9,CHI,6.0,0,925.0,2277.0,489.0,723.0,186.0,544.0,383.0,782.0,1165.0,597.0,634.0,262.0,510.0,112.0,2525.0,963.0,2243.0,501.0,642.0,184.0,481.0,379.0,846.0,1225.0,584.0,683.0,242.0,566.0,138.0,2611.0,6875,0,0.4117647058823529,0.0,0.0,0.0,0,0,274.0,134.0,5844.0,2124.0,335.0,709.0,1044.0,511.0,240.0,108.0,398.0,490.0,1849.0,783.0,674.0,458.0,264.0,100.0,4.0,6.0,0.0,46.0,7.0,2.0,3.0,5.0,3.0,1.0,0.0,2.0,1.0,10.0,1.0,6.0,5.0,3.0,0.0,0.0,1,0.23057674178067433
12,10,CHI,5.0,0,899.0,2100.0,564.0,812.0,110.0,341.0,357.0,770.0,1127.0,548.0,639.0,269.0,525.0,149.0,2472.0,917.0,2203.0,506.0,655.0,170.0,508.0,366.0,794.0,1160.0,531.0,681.0,255.0,522.0,124.0,2510.0,6825,0,0.35294117647058826,0.0,0.35294117647058826,0.0,0,0,281.0,156.0,6093.0,2166.0,283.0,681.0,964.0,500.0,230.0,133.0,414.0,524.0,1851.0,801.0,666.0,469.0,299.0,95.0,3.0,8.0,0.0,64.0,24.0,0.0,2.0,2.0,6.0,1.0,0.0,5.0,3.0,12.0,7.0,7.0,6.0,7.0,4.0,0.0,1,0.22078167691674824
13,1,CLE,0.0,1,0.0,0.0,0.0,0.0,0.0,0.0,0.0,0.0,0.0,0.0,0.0,0.0,0.0,0.0,0.0,0.0,0.0,0.0,0.0,0.0,0.0,0.0,0.0,0.0,0.0,0.0,0.0,0.0,0.0,0.0,6500,0,0.0,0.0,0.0,0.0,0,0,0.0,0.0,0.0,0.0,0.0,0.0,0.0,0.0,0.0,0.0,0.0,0.0,0.0,0.0,0.0,0.0,0.0,0.0,0.0,0.0,0.0,0.0,0.0,0.0,0.0,0.0,0.0,0.0,0.0,0.0,0.0,0.0,0.0,0.0,0.0,0.0,0.0,0.0,0,0.0
14,2,CLE,2.0,1,809.0,1828.0,426.0,570.0,141.0,407.0,331.0,603.0,934.0,539.0,647.0,259.0,538.0,91.0,2185.0,774.0,1761.0,455.0,583.0,119.0,368.0,277.0,596.0,873.0,540.0,693.0,305.0,552.0,95.0,2122.0,6425,1,0.53125,0.5,0.53125,0.5,1,0,322.0,130.0,6281.0,2084.0,331.0,603.0,934.0,466.0,261.0,93.0,488.0,662.0,1747.0,776.0,559.0,417.0,346.0,115.0,7.0,57.0,24.0,1058.0,319.0,69.0,123.0,192.0,72.0,47.0,12.0,65.0,86.0,296.0,122.0,87.0,61.0,56.0,14.0,0.0,0,0.27130798539083395
15,3,CLE,1.0,0,763.0,1770.0,372.0,505.0,106.0,335.0,297.0,662.0,959.0,503.0,532.0,267.0,444.0,83.0,2004.0,664.0,1745.0,328.0,444.0,132.0,417.0,297.0,594.0,891.0,434.0,597.0,225.0,496.0,127.0,1788.0,6550,2,0.6875,0.3333333333333333,0.6875,0.3333333333333333,2,1,228.0,120.0,5182.0,1677.0,255.0,552.0,807.0,373.0,230.0,67.0,334.0,429.0,1469.0,650.0,408.0,304.0,228.0,73.0,1.0,23.0,12.0,516.0,161.0,30.0,41.0,71.0,33.0,17.0,11.0,29.0,44.0,135.0,63.0,35.0,29.0,24.0,6.0,0.0,0,0.2528070371883091
16,4,CLE,7.0,1,760.0,1820.0,430.0,553.0,121.0,374.0,295.0,674.0,969.0,480.0,567.0,221.0,451.0,83.0,2071.0,797.0,1834.0,397.0,521.0,149.0,441.0,278.0,640.0,918.0,530.0,613.0,242.0,428.0,109.0,2140.0,6825,2,0.3125,0.0,0.3125,0.0,2,1,260.0,181.0,6382.0,2211.0,294.0,674.0,968.0,495.0,228.0,68.0,464.0,561.0,1942.0,792.0,620.0,459.0,498.0,168.0,9.0,3.0,3.0,80.0,18.0,5.0,6.0,11.0,19.0,7.0,1.0,5.0,9.0,27.0,5.0,6.0,5.0,9.0,3.0,0.0,1,0.23032468189250593
17,4,CON,0.0,1,0.0,0.0,0.0,0.0,0.0,0.0,0.0,0.0,0.0,0.0,0.0,0.0,0.0,0.0,0.0,0.0,0.0,0.0,0.0,0.0,0.0,0.0,0.0,0.0,0.0,0.0,0.0,0.0,0.0,0.0,6875,0,0.0,0.0,0.0,0.0,0,0,288.0,182.0,6948.0,2299.0,346.0,674.0,1020.0,556.0,327.0,104.0,440.0,644.0,1974.0,826.0,634.0,482.0,515.0,165.0,6.0,0.0,0.0,0.0,0.0,0.0,0.0,0.0,0.0,0.0,0.0,0.0,0.0,0.0,0.0,0.0,0.0,0.0,0.0,0.0,1,0.31746683786378754
18,5,CON,3.0,1,864.0,2102.0,479.0,646.0,177.0,549.0,333.0,762.0,1095.0,520.0,663.0,270.0,434.0,111.0,2384.0,864.0,2104.0,509.0,673.0,172.0,536.0,366.0,812.0,1178.0,553.0,669.0,252.0,476.0,88.0,2409.0,6900,1,0.5294117647058824,0.5,0.5294117647058824,0.5,1,0,196.0,106.0,4486.0,1732.0,245.0,525.0,770.0,311.0,167.0,87.0,271.0,452.0,1537.0,650.0,406.0,311.0,346.0,121.0,5.0,20.0,12.0,472.0,178.0,14.0,53.0,67.0,31.0,16.0,6.0,21.0,42.0,149.0,68.0,45.0,37.0,27.0,5.0,0.0,1,0.21038012448102242
19,6,CON,1.0,1,876.0,2051.0,434.0,590.0,149.0,467.0,321.0,724.0,1045.0,572.0,610.0,299.0,462.0,96.0,2335.0,858.0,1996.0,443.0,599.0,145.0,384.0,306.0,757.0,1063.0,565.0,627.0,239.0,492.0,113.0,2304.0,6800,2,0.5294117647058824,0.625,0.5294117647058824,0.625,2,0,314.0,179.0,7060.0,2322.0,332.0,790.0,1122.0,580.0,305.0,157.0,485.0,657.0,2054.0,876.0,579.0,420.0,480.0,150.0,2.0,61.0,35.0,1457.0,492.0,69.0,148.0,217.0,111.0,66.0,18.0,91.0,116.0,422.0,175.0,139.0,108.0,95.0,34.0,0.0,0,0.32147328841862866
20,7,CON,1.0,1,916.0,2025.0,512.0,688.0,130.0,373.0,322.0,788.0,1110.0,573.0,624.0,236.0,452.0,130.0,2474.0,835.0,2100.0,452.0,599.0,122.0,400.0,350.0,728.0,1078.0,495.0,675.0,258.0,442.0,79.0,2244.0,6825,3,0.7647058823529411,0.625,0.7647058823529411,0.625,3,0,254.0,168.0,5845.0,2345.0,287.0,698.0,985.0,498.0,212.0,119.0,388.0,495.0,1915.0,873.0,652.0,492.0,314.0,107.0,1.0,58.0,39.0,1459.0,530.0,66.0,175.0,241.0,91.0,48.0,39.0,92.0,118.0,428.0,180.0,182.0,133.0,103.0,37.0,0.0,1,0.3140907070296966
21,8,CON,1.0,1,982.0,2216.0,545.0,675.0,174.0,510.0,342.0,926.0,1268.0,630.0,530.0,252.0,514.0,153.0,2683.0,948.0,2357.0,358.0,500.0,163.0,508.0,370.0,783.0,1153.0,528.0,646.0,273.0,486.0,103.0,2417.0,6925,4,0.7647058823529411,0.6,0.7647058823529411,0.6,4,1,284.0,154.0,5788.0,2164.0,286.0,787.0,1073.0,525.0,216.0,145.0,387.0,491.0,1806.0,798.0,516.0,416.0,431.0,152.0,0.0,37.0,19.0,731.0,239.0,45.0,85.0,130.0,54.0,22.0,23.0,53.0,57.0,254.0,83.0,77.0,54.0,75.0,19.0,0.0,1,0.27866687056832695
22,9,CON,3.0,1,1001.0,2327.0,478.0,615.0,195.0,572.0,354.0,868.0,1222.0,619.0,641.0,272.0,540.0,156.0,2675.0,976.0,2317.0,475.0,626.0,166.0,485.0,337.0,842.0,1179.0,581.0,633.0,246.0,524.0,85.0,2593.0,6850,5,0.5294117647058824,0.3333333333333333,0.5294117647058824,0.3333333333333333,5,1,221.0,133.0,5002.0,2014.0,226.0,584.0,810.0,510.0,203.0,47.0,393.0,440.0,1714.0,743.0,487.0,380.0,440.0,148.0,3.0,20.0,7.0,558.0,227.0,16.0,70.0,86.0,57.0,12.0,4.0,41.0,49.0,203.0,87.0,37.0,27.0,56.0,26.0,0.0,0,0.2310722189928398
23,10,CON,2.0,0,965.0,2286.0,539.0,723.0,221.0,669.0,370.0,869.0,1239.0,607.0,629.0,211.0,487.0,97.0,2690.0,955.0,2284.0,472.0,638.0,159.0,496.0,360.0,840.0,1200.0,554.0,703.0,252.0,499.0,104.0,2541.0,6975,6,0.6176470588235294,0.3333333333333333,0.6176470588235294,0.3333333333333333,6,2,304.0,192.0,6685.0,2777.0,332.0,815.0,1147.0,629.0,226.0,107.0,487.0,644.0,2360.0,997.0,729.0,559.0,660.0,224.0,3.0,31.0,16.0,581.0,200.0,32.0,57.0,89.0,40.0,19.0,4.0,40.0,43.0,205.0,72.0,50.0,42.0,57.0,14.0,0.0,0,0.30458984649151505
24,1,DET,0.0,0,0.0,0.0,0.0,0.0,0.0,0.0,0.0,0.0,0.0,0.0,0.0,0.0,0.0,0.0,0.0,0.0,0.0,0.0,0.0,0.0,0.0,0.0,0.0,0.0,0.0,0.0,0.0,0.0,0.0,0.0,6425,0,0.0,0.0,0.0,0.0,0,0,0.0,0.0,0.0,0.0,0.0,0.0,0.0,0.0,0.0,0.0,0.0,0.0,0.0,0.0,0.0,0.0,0.0,0.0,0.0,0.0,0.0,0.0,0.0,0.0,0.0,0.0,0.0,0.0,0.0,0.0,0.0,0.0,0.0,0.0,0.0,0.0,0.0,0.0,0,0.0
25,2,DET,5.0,0,868.0,1980.0,519.0,699.0,76.0,273.0,341.0,644.0,985.0,503.0,701.0,260.0,530.0,88.0,2331.0,905.0,1967.0,480.0,652.0,136.0,372.0,331.0,640.0,971.0,513.0,672.0,284.0,543.0,148.0,2426.0,6550,0,0.4375,0.0,0.0,0.0,0,0,200.0,150.0,4820.0,1786.0,264.0,477.0,741.0,376.0,182.0,57.0,385.0,473.0,1514.0,668.0,547.0,407.0,164.0,43.0,2.0,0.0,0.0,0.0,0.0,0.0,0.0,0.0,0.0,0.0,0.0,0.0,0.0,0.0,0.0,0.0,0.0,0.0,0.0,0.0,0,0.20454787758586573
26,3,DET,7.0,0,774.0,1914.0,412.0,542.0,143.0,405.0,324.0,621.0,945.0,469.0,602.0,225.0,498.0,82.0,2103.0,848.0,1837.0,446.0,583.0,127.0,340.0,279.0,702.0,981.0,438.0,591.0,262.0,483.0,109.0,2269.0,6450,0,0.3125,0.0,0.3125,0.0,0,0,229.0,95.0,4579.0,1515.0,257.0,490.0,747.0,296.0,142.0,67.0,346.0,487.0,1402.0,574.0,409.0,304.0,197.0,63.0,4.0,0.0,0.0,0.0,0.0,0.0,0.0,0.0,0.0,0.0,0.0,0.0,0.0,0.0,0.0,0.0,0.0,0.0,0.0,0.0,0,0.16703474553370765
27,4,DET,8.0,1,766.0,1919.0,472.0,651.0,110.0,364.0,360.0,719.0,1079.0,478.0,609.0,201.0,541.0,132.0,2114.0,828.0,1984.0,464.0,605.0,146.0,447.0,314.0,669.0,983.0,465.0,637.0,277.0,443.0,139.0,2266.0,6900,0,0.28125,0.0,0.4090909090909091,0.0,0,0,282.0,189.0,6649.0,2237.0,333.0,711.0,1044.0,489.0,231.0,165.0,574.0,635.0,2003.0,808.0,659.0,490.0,456.0,131.0,3.0,0.0,0.0,0.0,0.0,0.0,0.0,0.0,0.0,0.0,0.0,0.0,0.0,0.0,0.0,0.0,0.0,0.0,0.0,0.0,0,0.27251334036226427
28,5,DET,1.0,1,902.0,2004.0,624.0,882.0,125.0,323.0,379.0,851.0,1230.0,545.0,605.0,263.0,608.0,158.0,2553.0,911.0,2286.0,412.0,556.0,161.0,541.0,390.0,674.0,1064.0,504.0,774.0,309.0,497.0,129.0,2395.0,6850,1,0.7352941176470589,0.75,0.7352941176470589,0.75,1,1,325.0,198.0,7299.0,2488.0,394.0,903.0,1297.0,588.0,279.0,170.0,582.0,663.0,2045.0,887.0,858.0,603.0,302.0,111.0,3.0,59.0,40.0,1462.0,506.0,88.0,185.0,273.0,122.0,43.0,38.0,91.0,132.0,462.0,181.0,150.0,119.0,69.0,25.0,0.0,2,0.3153880505156512
29,6,DET,3.0,1,874.0,2097.0,556.0,792.0,62.0,209.0,397.0,773.0,1170.0,564.0,648.0,277.0,513.0,148.0,2366.0,860.0,2098.0,470.0,609.0,191.0,533.0,325.0,730.0,1055.0,515.0,728.0,289.0,496.0,131.0,2381.0,6925,2,0.5,0.3333333333333333,0.5,0.3333333333333333,2,1,320.0,226.0,7664.0,2507.0,402.0,838.0,1240.0,678.0,302.0,152.0,568.0,691.0,2203.0,920.0,830.0,591.0,259.0,76.0,7.0,22.0,14.0,521.0,177.0,27.0,56.0,83.0,42.0,23.0,13.0,35.0,33.0,140.0,59.0,77.0,54.0,14.0,5.0,0.0,2,0.3842545422439191
30,7,DET,4.0,1,831.0,2060.0,509.0,774.0,76.0,238.0,412.0,803.0,1215.0,474.0,761.0,241.0,571.0,155.0,2247.0,784.0,1945.0,565.0,754.0,154.0,456.0,273.0,745.0,1018.0,473.0,744.0,272.0,520.0,136.0,2287.0,6825,3,0.47058823529411764,0.0,0.47058823529411764,0.0,3,1,275.0,186.0,6733.0,2351.0,368.0,752.0,1120.0,429.0,239.0,160.0,542.0,698.0,2158.0,854.0,759.0,521.0,389.0,122.0,13.0,14.0,10.0,356.0,129.0,25.0,36.0,61.0,19.0,10.0,8.0,23.0,44.0,134.0,48.0,36.0,27.0,18.0,6.0,2.0,2,0.35493891718144177
31,8,DET,2.0,1,919.0,2220.0,553.0,746.0,136.0,414.0,406.0,880.0,1286.0,572.0,711.0,213.0,537.0,137.0,2527.0,840.0,2165.0,529.0,702.0,175.0,561.0,324.0,760.0,1084.0,474.0,733.0,275.0,506.0,108.0,2384.0,6850,4,0.6764705882352942,0.7,0.6764705882352942,0.7,4,1,313.0,170.0,6670.0,2538.0,413.0,831.0,1244.0,616.0,249.0,96.0,524.0,725.0,2106.0,886.0,859.0,635.0,388.0,131.0,3.0,60.0,40.0,1592.0,673.0,92.0,220.0,312.0,146.0,51.0,25.0,124.0,164.0,546.0,246.0,207.0,152.0,74.0,29.0,0.0,3,0.31430030142969384
32,9,DET,1.0,1,972.0,2261.0,595.0,785.0,158.0,442.0,380.0,931.0,1311.0,563.0,702.0,227.0,564.0,117.0,2697.0,895.0,2262.0,547.0,718.0,203.0,610.0,309.0,780.0,1089.0,546.0,767.0,276.0,529.0,117.0,2540.0,6875,5,0.7058823529411765,0.5454545454545454,0.7058823529411765,0.5454545454545454,5,1,274.0,126.0,6148.0,2384.0,327.0,819.0,1146.0,483.0,226.0,111.0,455.0,625.0,2017.0,872.0,664.0,505.0,396.0,135.0,7.0,80.0,39.0,1881.0,680.0,135.0,272.0,407.0,140.0,47.0,37.0,126.0,209.0,649.0,255.0,171.0,119.0,132.0,51.0,3.0,5,0.36507832346617697
33,10,DET,1.0,1,974.0,2295.0,556.0,744.0,168.0,476.0,405.0,843.0,1248.0,604.0,724.0,278.0,496.0,118.0,2672.0,872.0,2151.0,563.0,740.0,215.0,616.0,324.0,761.0,1085.0,520.0,762.0,229.0,572.0,119.0,2522.0,6975,6,0.6470588235294118,0.7777777777777778,0.6470588235294118,0.7777777777777778,6,1,372.0,189.0,8376.0,3183.0,465.0,1045.0,1510.0,699.0,361.0,144.0,583.0,835.0,2701.0,1167.0,876.0,649.0,566.0,200.0,4.0,68.0,36.0,1619.0,623.0,80.0,210.0,290.0,111.0,55.0,33.0,104.0,146.0,547.0,234.0,145.0,116.0,112.0,39.0,0.0,7,0.46515988114764717
34,1,HOU,0.0,1,0.0,0.0,0.0,0.0,0.0,0.0,0.0,0.0,0.0,0.0,0.0,0.0,0.0,0.0,0.0,0.0,0.0,0.0,0.0,0.0,0.0,0.0,0.0,0.0,0.0,0.0,0.0,0.0,0.0,0.0,6475,0,0.0,0.0,0.0,0.0,0,0,0.0,0.0,0.0,0.0,0.0,0.0,0.0,0.0,0.0,0.0,0.0,0.0,0.0,0.0,0.0,0.0,0.0,0.0,0.0,0.0,0.0,0.0,0.0,0.0,0.0,0.0,0.0,0.0,0.0,0.0,0.0,0.0,0.0,0.0,0.0,0.0,0.0,0.0,0,0.0
35,2,HOU,2.0,1,891.0,1894.0,521.0,634.0,172.0,491.0,273.0,724.0,997.0,494.0,554.0,284.0,440.0,104.0,2475.0,786.0,1938.0,370.0,508.0,124.0,418.0,290.0,612.0,902.0,473.0,648.0,233.0,480.0,85.0,2066.0,6450,1,0.84375,1.0,0.84375,1.0,1,0,180.0,94.0,3552.0,1139.0,202.0,432.0,634.0,159.0,133.0,55.0,208.0,344.0,883.0,415.0,294.0,237.0,211.0,72.0,2.0,31.0,18.0,758.0,178.0,48.0,84.0,132.0,29.0,27.0,12.0,43.0,61.0,153.0,67.0,33.0,30.0,37.0,14.0,0.0,1,0.18232376402767214
36,3,HOU,4.0,1,747.0,1908.0,415.0,539.0,138.0,435.0,348.0,710.0,1058.0,426.0,509.0,251.0,436.0,95.0,2047.0,740.0,1883.0,362.0,504.0,152.0,456.0,297.0,685.0,982.0,452.0,561.0,248.0,433.0,120.0,1994.0,6425,2,0.59375,0.0,0.59375,0.0,2,0,309.0,185.0,6944.0,2555.0,336.0,798.0,1134.0,509.0,324.0,125.0,470.0,546.0,2253.0,949.0,615.0,490.0,503.0,167.0,2.0,22.0,16.0,603.0,226.0,24.0,74.0,98.0,41.0,24.0,7.0,39.0,41.0,202.0,85.0,51.0,39.0,53.0,17.0,0.0,4,0.3593516932525729
37,4,HOU,2.0,1,755.0,1778.0,453.0,585.0,109.0,332.0,299.0,702.0,1001.0,450.0,467.0,260.0,455.0,126.0,2072.0,705.0,1880.0,331.0,452.0,151.0,489.0,309.0,664.0,973.0,446.0,606.0,262.0,464.0,71.0,1892.0,6825,3,0.75,0.3333333333333333,0.75,0.3333333333333333,3,0,276.0,203.0,7469.0,2801.0,300.0,747.0,1047.0,664.0,286.0,118.0,530.0,492.0,2327.0,983.0,808.0,664.0,511.0,171.0,0.0,23.0,18.0,754.0,328.0,37.0,69.0,106.0,52.0,32.0,15.0,43.0,61.0,296.0,115.0,90.0,76.0,64.0,22.0,0.0,7,0.3878151547910632
38,5,HOU,2.0,0,828.0,1916.0,473.0,600.0,115.0,344.0,266.0,764.0,1030.0,465.0,490.0,231.0,450.0,129.0,2244.0,824.0,2030.0,325.0,448.0,169.0,500.0,298.0,708.0,1006.0,516.0,634.0,227.0,430.0,122.0,2142.0,6850,4,0.5882352941176471,0.3333333333333333,0.5882352941176471,0.3333333333333333,4,0,342.0,140.0,6802.0,2475.0,299.0,737.0,1036.0,498.0,259.0,140.0,485.0,539.0,2117.0,889.0,720.0,541.0,456.0,156.0,2.0,37.0,9.0,590.0,213.0,30.0,71.0,101.0,49.0,25.0,15.0,40.0,54.0,202.0,77.0,49.0,39.0,58.0,20.0,0.0,7,0.32093945358444326
39,6,HOU,6.0,1,798.0,1933.0,458.0,615.0,123.0,358.0,311.0,724.0,1035.0,451.0,555.0,242.0,484.0,107.0,2177.0,834.0,2008.0,391.0,531.0,152.0,434.0,335.0,720.0,1055.0,539.0,655.0,258.0,471.0,129.0,2211.0,6875,4,0.38235294117647056,0.0,0.38235294117647056,0.0,4,0,268.0,195.0,7400.0,2551.0,385.0,869.0,1254.0,462.0,258.0,105.0,462.0,555.0,2247.0,954.0,715.0,537.0,304.0,106.0,2.0,3.0,3.0,107.0,37.0,6.0,8.0,14.0,3.0,8.0,0.0,7.0,5.0,31.0,12.0,13.0,12.0,5.0,1.0,0.0,9,0.34570496000961615
40,7,HOU,3.0,1,860.0,1920.0,527.0,690.0,62.0,205.0,276.0,684.0,960.0,467.0,581.0,246.0,425.0,105.0,2309.0,848.0,1944.0,419.0,559.0,148.0,423.0,274.0,687.0,961.0,541.0,685.0,197.0,481.0,111.0,2263.0,6925,5,0.5588235294117647,0.4,0.5588235294117647,0.4,5,0,323.0,170.0,6859.0,2203.0,284.0,687.0,971.0,641.0,259.0,99.0,451.0,609.0,1891.0,817.0,666.0,504.0,209.0,65.0,6.0,39.0,21.0,897.0,299.0,33.0,98.0,131.0,63.0,29.0,11.0,67.0,83.0,240.0,108.0,95.0,72.0,32.0,11.0,0.0,10,0.3367966757662857
41,8,HOU,3.0,0,928.0,2098.0,482.0,678.0,169.0,472.0,303.0,822.0,1125.0,532.0,617.0,252.0,566.0,84.0,2507.0,928.0,2232.0,445.0,615.0,148.0,496.0,337.0,787.0,1124.0,526.0,705.0,298.0,519.0,89.0,2449.0,6800,6,0.5294117647058824,0.0,0.7857142857142857,0.3333333333333333,1,0,343.0,161.0,7013.0,2661.0,343.0,852.0,1195.0,482.0,287.0,100.0,532.0,698.0,2232.0,996.0,709.0,525.0,424.0,144.0,8.0,28.0,10.0,550.0,190.0,23.0,55.0,78.0,44.0,17.0,13.0,33.0,55.0,159.0,67.0,57.0,46.0,28.0,10.0,0.0,12,0.2855231417856665
42,9,HOU,5.0,0,915.0,2149.0,554.0,721.0,126.0,365.0,374.0,770.0,1144.0,558.0,655.0,289.0,633.0,109.0,2510.0,924.0,2190.0,578.0,719.0,202.0,581.0,342.0,721.0,1063.0,588.0,677.0,310.0,568.0,160.0,2628.0,6925,6,0.38235294117647056,0.0,0.38235294117647056,0.0,1,0,302.0,162.0,6413.0,2564.0,353.0,789.0,1142.0,496.0,259.0,99.0,565.0,650.0,2192.0,922.0,731.0,570.0,423.0,150.0,3.0,11.0,1.0,186.0,57.0,8.0,17.0,25.0,28.0,5.0,2.0,13.0,13.0,53.0,19.0,13.0,10.0,26.0,9.0,0.0,3,0.23735503603148697
43,1,IND,0.0,0,0.0,0.0,0.0,0.0,0.0,0.0,0.0,0.0,0.0,0.0,0.0,0.0,0.0,0.0,0.0,0.0,0.0,0.0,0.0,0.0,0.0,0.0,0.0,0.0,0.0,0.0,0.0,0.0,0.0,0.0,6425,0,0.0,0.0,0.0,0.0,0,0,0.0,0.0,0.0,0.0,0.0,0.0,0.0,0.0,0.0,0.0,0.0,0.0,0.0,0.0,0.0,0.0,0.0,0.0,0.0,0.0,0.0,0.0,0.0,0.0,0.0,0.0,0.0,0.0,0.0,0.0,0.0,0.0,0.0,0.0,0.0,0.0,0.0,0.0,0,0.0
44,2,IND,7.0,0,796.0,1838.0,428.0,569.0,193.0,521.0,285.0,647.0,932.0,501.0,642.0,271.0,518.0,126.0,2213.0,839.0,1868.0,503.0,669.0,109.0,358.0,321.0,633.0,954.0,528.0,612.0,267.0,476.0,75.0,2290.0,6475,0,0.28125,0.0,0.0,0.0,0,0,262.0,130.0,5642.0,1910.0,258.0,557.0,815.0,421.0,260.0,84.0,424.0,579.0,1627.0,674.0,491.0,373.0,513.0,189.0,9.0,0.0,0.0,0.0,0.0,0.0,0.0,0.0,0.0,0.0,0.0,0.0,0.0,0.0,0.0,0.0,0.0,0.0,0.0,0.0,0,0.2606416090447355
45,3,IND,6.0,1,762.0,1822.0,472.0,591.0,157.0,446.0,286.0,649.0,935.0,458.0,600.0,242.0,491.0,118.0,2153.0,853.0,1899.0,412.0,583.0,131.0,367.0,306.0,660.0,966.0,565.0,616.0,256.0,466.0,140.0,2249.0,6425,0,0.3125,0.0,0.3125,0.0,0,0,256.0,156.0,5554.0,1900.0,232.0,466.0,698.0,396.0,213.0,74.0,431.0,504.0,1593.0,652.0,557.0,438.0,474.0,158.0,5.0,0.0,0.0,0.0,0.0,0.0,0.0,0.0,0.0,0.0,0.0,0.0,0.0,0.0,0.0,0.0,0.0,0.0,0.0,0.0,0,0.2378134152250288
46,4,IND,4.0,0,731.0,1825.0,455.0,580.0,180.0,543.0,315.0,633.0,948.0,447.0,559.0,268.0,438.0,100.0,2097.0,804.0,1817.0,359.0,503.0,162.0,464.0,288.0,644.0,932.0,507.0,647.0,226.0,470.0,145.0,2129.0,6875,1,0.5,0.3333333333333333,0.5,0.3333333333333333,1,0,293.0,147.0,6290.0,2089.0,336.0,669.0,1005.0,475.0,272.0,121.0,424.0,577.0,1694.0,709.0,629.0,493.0,481.0,178.0,9.0,23.0,14.0,602.0,228.0,47.0,60.0,107.0,47.0,14.0,10.0,36.0,45.0,182.0,84.0,60.0,41.0,53.0,19.0,1.0,1,0.3436675817065426
47,5,IND,5.0,0,839.0,2011.0,449.0,563.0,210.0,600.0,334.0,654.0,988.0,539.0,668.0,299.0,474.0,121.0,2337.0,837.0,1908.0,490.0,638.0,157.0,421.0,309.0,677.0,986.0,570.0,631.0,227.0,512.0,170.0,2321.0,6850,1,0.47058823529411764,0.0,0.0,0.0,0,0,323.0,151.0,6938.0,2591.0,370.0,667.0,1037.0,522.0,286.0,136.0,443.0,692.0,2152.0,929.0,623.0,492.0,625.0,241.0,5.0,9.0,3.0,112.0,26.0,3.0,13.0,16.0,6.0,3.0,1.0,5.0,12.0,32.0,9.0,10.0,7.0,5.0,1.0,0.0,1,0.3119746933935823
48,6,IND,6.0,1,791.0,2011.0,450.0,580.0,166.0,481.0,396.0,705.0,1101.0,555.0,639.0,261.0,486.0,134.0,2198.0,804.0,1865.0,516.0,695.0,121.0,352.0,281.0,688.0,969.0,514.0,603.0,268.0,466.0,162.0,2245.0,6925,1,0.4411764705882353,0.0,0.4411764705882353,0.0,0,0,285.0,179.0,6403.0,2214.0,388.0,707.0,1095.0,504.0,280.0,130.0,456.0,653.0,1992.0,809.0,578.0,453.0,416.0,143.0,14.0,8.0,0.0,111.0,22.0,3.0,13.0,16.0,11.0,8.0,1.0,9.0,12.0,17.0,8.0,4.0,3.0,7.0,3.0,0.0,2,0.2594528190977577
49,7,IND,2.0,1,784.0,1958.0,452.0,595.0,150.0,468.0,341.0,671.0,1012.0,493.0,668.0,336.0,477.0,95.0,2170.0,775.0,1798.0,460.0,642.0,123.0,367.0,279.0,711.0,990.0,435.0,644.0,234.0,558.0,113.0,2133.0,6850,2,0.6176470588235294,0.5,0.6176470588235294,0.5,1,0,307.0,169.0,6945.0,2213.0,288.0,664.0,952.0,538.0,313.0,76.0,475.0,615.0,1909.0,750.0,651.0,507.0,610.0,206.0,3.0,26.0,10.0,420.0,128.0,20.0,39.0,59.0,32.0,16.0,3.0,31.0,43.0,119.0,41.0,45.0,33.0,29.0,13.0,1.0,2,0.2806215656308359
50,8,IND,3.0,1,873.0,2144.0,518.0,676.0,171.0,551.0,339.0,755.0,1094.0,501.0,606.0,354.0,528.0,93.0,2435.0,883.0,2043.0,413.0,559.0,137.0,444.0,288.0,773.0,1061.0,507.0,685.0,259.0,617.0,105.0,2316.0,6875,3,0.6176470588235294,0.0,0.6176470588235294,0.0,2,0,307.0,231.0,7761.0,2895.0,408.0,871.0,1279.0,568.0,403.0,145.0,566.0,684.0,2496.0,1035.0,874.0,650.0,577.0,175.0,5.0,12.0,10.0,344.0,123.0,12.0,35.0,47.0,17.0,8.0,5.0,23.0,47.0,115.0,46.0,31.0,21.0,30.0,10.0,2.0,4,0.3366378229289675
51,9,IND,2.0,1,907.0,2167.0,478.0,617.0,188.0,546.0,341.0,812.0,1153.0,511.0,646.0,308.0,589.0,136.0,2480.0,881.0,2192.0,450.0,608.0,158.0,483.0,369.0,795.0,1164.0,475.0,663.0,280.0,610.0,114.0,2370.0,6950,4,0.6176470588235294,0.5,0.53125,0.0,1,0,346.0,181.0,7306.0,2858.0,358.0,845.0,1203.0,644.0,384.0,144.0,677.0,764.0,2411.0,1023.0,804.0,609.0,643.0,203.0,7.0,34.0,22.0,789.0,252.0,35.0,111.0,146.0,64.0,40.0,18.0,53.0,69.0,243.0,82.0,83.0,66.0,83.0,22.0,1.0,6,0.3742664711560788
52,10,IND,4.0,1,876.0,2179.0,495.0,656.0,226.0,662.0,349.0,778.0,1127.0,500.0,727.0,324.0,585.0,165.0,2473.0,891.0,2127.0,540.0,706.0,135.0,415.0,338.0,833.0,1171.0,477.0,659.0,294.0,608.0,130.0,2457.0,6925,5,0.5,0.3333333333333333,0.5,0.3333333333333333,2,0,323.0,206.0,7178.0,2492.0,424.0,859.0,1283.0,503.0,342.0,160.0,549.0,804.0,2114.0,873.0,788.0,587.0,451.0,159.0,8.0,31.0,18.0,683.0,216.0,25.0,89.0,114.0,47.0,28.0,16.0,44.0,82.0,185.0,67.0,79.0,69.0,48.0,13.0,0.0,9,0.3431103363587732
53,1,LAS,0.0,1,0.0,0.0,0.0,0.0,0.0,0.0,0.0,0.0,0.0,0.0,0.0,0.0,0.0,0.0,0.0,0.0,0.0,0.0,0.0,0.0,0.0,0.0,0.0,0.0,0.0,0.0,0.0,0.0,0.0,0.0,6450,0,0.0,0.0,0.0,0.0,0,0,0.0,0.0,0.0,0.0,0.0,0.0,0.0,0.0,0.0,0.0,0.0,0.0,0.0,0.0,0.0,0.0,0.0,0.0,0.0,0.0,0.0,0.0,0.0,0.0,0.0,0.0,0.0,0.0,0.0,0.0,0.0,0.0,0.0,0.0,0.0,0.0,0.0,0.0,0,0.0
54,2,LAS,1.0,1,861.0,1956.0,545.0,693.0,150.0,452.0,308.0,783.0,1091.0,586.0,705.0,271.0,466.0,156.0,2417.0,776.0,1963.0,495.0,692.0,122.0,413.0,300.0,678.0,978.0,445.0,650.0,243.0,485.0,105.0,2169.0,6475,1,0.875,0.5,0.875,0.5,1,1,271.0,189.0,6684.0,2583.0,343.0,878.0,1221.0,611.0,286.0,172.0,480.0,756.0,2084.0,944.0,712.0,558.0,389.0,137.0,16.0,29.0,20.0,712.0,278.0,40.0,83.0,123.0,70.0,21.0,11.0,54.0,66.0,224.0,101.0,60.0,49.0,61.0,27.0,1.0,0,0.3664133342089114
55,3,LAS,1.0,1,916.0,2031.0,449.0,594.0,160.0,436.0,350.0,755.0,1105.0,596.0,616.0,281.0,438.0,138.0,2441.0,779.0,1985.0,416.0,547.0,192.0,603.0,294.0,627.0,921.0,538.0,591.0,234.0,453.0,114.0,2166.0,6475,2,0.875,0.8571428571428571,0.875,0.8571428571428571,2,1,277.0,167.0,6324.0,2515.0,339.0,716.0,1055.0,518.0,255.0,141.0,441.0,613.0,2160.0,935.0,632.0,482.0,493.0,163.0,9.0,46.0,28.0,1120.0,454.0,66.0,160.0,226.0,95.0,43.0,53.0,76.0,100.0,372.0,174.0,114.0,83.0,70.0,23.0,0.0,3,0.37017836310087937
56,4,LAS,1.0,1,891.0,2002.0,476.0,645.0,194.0,515.0,329.0,814.0,1143.0,583.0,664.0,257.0,517.0,161.0,2452.0,796.0,2040.0,480.0,649.0,163.0,521.0,314.0,645.0,959.0,508.0,623.0,275.0,453.0,111.0,2235.0,6900,3,0.78125,1.0,0.78125,1.0,3,1,341.0,209.0,7844.0,3061.0,391.0,941.0,1332.0,634.0,297.0,185.0,580.0,812.0,2522.0,1106.0,792.0,600.0,661.0,249.0,18.0,51.0,27.0,1195.0,466.0,52.0,152.0,204.0,120.0,62.0,29.0,78.0,129.0,374.0,173.0,113.0,86.0,88.0,34.0,2.0,6,0.47300991242203644
57,5,LAS,1.0,1,894.0,2140.0,537.0,678.0,174.0,528.0,336.0,813.0,1149.0,587.0,682.0,242.0,470.0,161.0,2499.0,866.0,2147.0,504.0,702.0,196.0,540.0,316.0,789.0,1105.0,572.0,654.0,241.0,468.0,127.0,2432.0,6975,4,0.7058823529411765,0.5555555555555556,0.7058823529411765,0.5555555555555556,4,1,242.0,213.0,7049.0,2534.0,319.0,844.0,1163.0,673.0,251.0,176.0,535.0,656.0,2143.0,912.0,725.0,565.0,429.0,145.0,10.0,46.0,45.0,1643.0,628.0,71.0,186.0,257.0,169.0,69.0,45.0,104.0,160.0,525.0,236.0,151.0,119.0,112.0,37.0,2.0,6,0.39242005597855123
58,6,LAS,1.0,1,904.0,2069.0,530.0,722.0,157.0,414.0,312.0,809.0,1121.0,626.0,731.0,262.0,529.0,148.0,2495.0,815.0,2095.0,557.0,761.0,174.0,511.0,339.0,727.0,1066.0,532.0,704.0,288.0,523.0,114.0,2361.0,6800,5,0.7352941176470589,0.3333333333333333,0.0,0.0,0,0,310.0,173.0,7076.0,2760.0,320.0,881.0,1201.0,640.0,275.0,154.0,519.0,728.0,2321.0,1005.0,793.0,594.0,412.0,156.0,5.0,23.0,15.0,590.0,181.0,24.0,67.0,91.0,45.0,15.0,10.0,49.0,65.0,169.0,67.0,38.0,34.0,40.0,13.0,1.0,8,0.38631071289086133
59,7,LAS,4.0,1,873.0,2042.0,456.0,630.0,124.0,387.0,321.0,683.0,1004.0,551.0,737.0,264.0,492.0,136.0,2326.0,818.0,1955.0,527.0,709.0,182.0,519.0,332.0,709.0,1041.0,567.0,654.0,247.0,544.0,115.0,2345.0,6825,6,0.5,0.0,0.6666666666666666,0.0,1,0,244.0,130.0,5603.0,1922.0,239.0,617.0,856.0,525.0,212.0,123.0,410.0,587.0,1698.0,753.0,489.0,340.0,245.0,76.0,8.0,9.0,5.0,207.0,62.0,8.0,18.0,26.0,13.0,10.0,5.0,14.0,21.0,51.0,24.0,19.0,11.0,6.0,3.0,0.0,8,0.27546827605945456
60,8,LAS,1.0,0,962.0,2195.0,540.0,726.0,111.0,377.0,350.0,852.0,1202.0,610.0,679.0,296.0,534.0,129.0,2575.0,873.0,2184.0,534.0,721.0,196.0,570.0,336.0,746.0,1082.0,565.0,636.0,284.0,556.0,128.0,2476.0,6900,7,0.7352941176470589,0.4,0.7,0.0,4,1,284.0,132.0,6049.0,2144.0,372.0,789.0,1161.0,471.0,244.0,90.0,408.0,609.0,1855.0,819.0,562.0,438.0,251.0,68.0,6.0,38.0,21.0,868.0,298.0,52.0,103.0,155.0,68.0,27.0,14.0,39.0,95.0,291.0,117.0,58.0,43.0,57.0,21.0,1.0,3,0.3111532862816362
61,9,LAS,7.0,1,940.0,2305.0,493.0,627.0,160.0,456.0,356.0,783.0,1139.0,554.0,732.0,245.0,571.0,107.0,2533.0,954.0,2212.0,609.0,800.0,191.0,537.0,343.0,836.0,1179.0,616.0,605.0,290.0,550.0,137.0,2708.0,7000,7,0.29411764705882354,0.0,0.29411764705882354,0.0,4,1,339.0,188.0,6868.0,2748.0,415.0,1051.0,1466.0,448.0,239.0,205.0,553.0,783.0,2461.0,1039.0,699.0,525.0,413.0,145.0,10.0,15.0,9.0,361.0,141.0,24.0,53.0,77.0,21.0,15.0,16.0,27.0,37.0,133.0,49.0,48.0,37.0,17.0,6.0,0.0,10,0.3441157974348629
62,10,LAS,3.0,1,954.0,2248.0,539.0,717.0,151.0,485.0,386.0,896.0,1282.0,613.0,713.0,251.0,608.0,216.0,2598.0,888.0,2310.0,562.0,751.0,185.0,547.0,359.0,768.0,1127.0,513.0,717.0,303.0,523.0,141.0,2523.0,6925,8,0.5882352941176471,0.5,0.5882352941176471,0.5,5,1,316.0,260.0,8169.0,3486.0,427.0,1131.0,1558.0,733.0,326.0,235.0,767.0,746.0,2935.0,1270.0,935.0,719.0,654.0,227.0,6.0,30.0,24.0,855.0,309.0,54.0,118.0,172.0,76.0,31.0,34.0,72.0,95.0,276.0,116.0,84.0,60.0,55.0,17.0,2.0,16,0.40214547224509445
63,1,MIA,0.0,0,0.0,0.0,0.0,0.0,0.0,0.0,0.0,0.0,0.0,0.0,0.0,0.0,0.0,0.0,0.0,0.0,0.0,0.0,0.0,0.0,0.0,0.0,0.0,0.0,0.0,0.0,0.0,0.0,0.0,0.0,6475,0,0.0,0.0,0.0,0.0,0,0,0.0,0.0,0.0,0.0,0.0,0.0,0.0,0.0,0.0,0.0,0.0,0.0,0.0,0.0,0.0,0.0,0.0,0.0,0.0,0.0,0.0,0.0,0.0,0.0,0.0,0.0,0.0,0.0,0.0,0.0,0.0,0.0,0.0,0.0,0.0,0.0,0.0,0.0,0,0.0
64,2,MIA,6.0,1,647.0,1774.0,452.0,664.0,85.0,310.0,365.0,595.0,960.0,415.0,707.0,272.0,524.0,88.0,1831.0,715.0,1676.0,454.0,627.0,117.0,315.0,275.0,648.0,923.0,416.0,661.0,247.0,528.0,118.0,2001.0,6575,0,0.40625,0.0,0.40625,0.0,0,0,242.0,164.0,5586.0,1628.0,316.0,522.0,838.0,363.0,230.0,60.0,386.0,544.0,1521.0,593.0,570.0,388.0,207.0,54.0,3.0,0.0,0.0,0.0,0.0,0.0,0.0,0.0,0.0,0.0,0.0,0.0,0.0,0.0,0.0,0.0,0.0,0.0,0.0,0.0,0,0.21505553799893073
65,3,MIA,3.0,0,754.0,1826.0,356.0,469.0,93.0,295.0,292.0,651.0,943.0,467.0,602.0,300.0,448.0,153.0,1957.0,679.0,1725.0,420.0,588.0,120.0,395.0,301.0,667.0,968.0,388.0,538.0,259.0,512.0,87.0,1898.0,6475,1,0.625,0.3333333333333333,0.625,0.3333333333333333,1,0,284.0,146.0,5692.0,1670.0,278.0,520.0,798.0,395.0,252.0,91.0,365.0,537.0,1553.0,641.0,397.0,293.0,290.0,95.0,3.0,18.0,12.0,464.0,108.0,23.0,40.0,63.0,27.0,16.0,7.0,25.0,40.0,114.0,39.0,42.0,25.0,22.0,5.0,1.0,1,0.2657184663333343
66,1,MIN,0.0,0,0.0,0.0,0.0,0.0,0.0,0.0,0.0,0.0,0.0,0.0,0.0,0.0,0.0,0.0,0.0,0.0,0.0,0.0,0.0,0.0,0.0,0.0,0.0,0.0,0.0,0.0,0.0,0.0,0.0,0.0,6425,0,0.0,0.0,0.0,0.0,0,0,0.0,0.0,0.0,0.0,0.0,0.0,0.0,0.0,0.0,0.0,0.0,0.0,0.0,0.0,0.0,0.0,0.0,0.0,0.0,0.0,0.0,0.0,0.0,0.0,0.0,0.0,0.0,0.0,0.0,0.0,0.0,0.0,0.0,0.0,0.0,0.0,0.0,0.0,0,0.0
67,2,MIN,6.0,0,770.0,1831.0,449.0,592.0,204.0,571.0,258.0,612.0,870.0,495.0,690.0,237.0,497.0,63.0,2193.0,755.0,1758.0,514.0,702.0,164.0,481.0,300.0,677.0,977.0,472.0,707.0,275.0,547.0,130.0,2188.0,6475,0,0.46875,0.0,0.46875,0.0,0,0,203.0,90.0,3819.0,1593.0,153.0,332.0,485.0,283.0,147.0,48.0,307.0,431.0,1326.0,556.0,404.0,313.0,450.0,168.0,6.0,0.0,0.0,0.0,0.0,0.0,0.0,0.0,0.0,0.0,0.0,0.0,0.0,0.0,0.0,0.0,0.0,0.0,0.0,0.0,1,0.16200182559767679
68,3,MIN,6.0,0,671.0,1810.0,559.0,727.0,176.0,552.0,308.0,693.0,1001.0,437.0,695.0,210.0,507.0,127.0,2077.0,752.0,1927.0,499.0,624.0,153.0,472.0,328.0,688.0,1016.0,511.0,719.0,259.0,470.0,126.0,2156.0,6475,0,0.375,0.0,0.375,0.0,0,0,215.0,113.0,4604.0,1708.0,232.0,504.0,736.0,259.0,145.0,83.0,354.0,452.0,1445.0,542.0,604.0,482.0,449.0,142.0,5.0,0.0,0.0,0.0,0.0,0.0,0.0,0.0,0.0,0.0,0.0,0.0,0.0,0.0,0.0,0.0,0.0,0.0,0.0,0.0,1,0.16439134993665847
69,4,MIN,8.0,1,727.0,1775.0,383.0,578.0,166.0,500.0,309.0,650.0,959.0,466.0,617.0,226.0,529.0,102.0,2003.0,747.0,1807.0,469.0,613.0,141.0,389.0,302.0,612.0,914.0,495.0,618.0,273.0,465.0,117.0,2104.0,6850,0,0.3125,0.0,0.0,0.0,0,0,260.0,137.0,5660.0,1906.0,242.0,536.0,778.0,398.0,221.0,83.0,398.0,542.0,1757.0,715.0,482.0,319.0,472.0,157.0,6.0,0.0,0.0,0.0,0.0,0.0,0.0,0.0,0.0,0.0,0.0,0.0,0.0,0.0,0.0,0.0,0.0,0.0,0.0,0.0,0,0.1913550208403462
70,5,MIN,4.0,1,875.0,1978.0,450.0,624.0,180.0,524.0,361.0,718.0,1079.0,580.0,634.0,242.0,558.0,101.0,2380.0,878.0,2067.0,473.0,633.0,141.0,446.0,337.0,652.0,989.0,528.0,666.0,271.0,471.0,126.0,2370.0,6850,1,0.5294117647058824,0.3333333333333333,0.5294117647058824,0.3333333333333333,1,0,217.0,148.0,5135.0,1674.0,212.0,510.0,722.0,510.0,194.0,85.0,439.0,540.0,1440.0,584.0,421.0,322.0,533.0,184.0,8.0,15.0,12.0,386.0,113.0,9.0,32.0,41.0,48.0,17.0,5.0,38.0,47.0,103.0,34.0,36.0,32.0,41.0,13.0,0.0,0,0.21671686353387992
71,6,MIN,3.0,0,767.0,1900.0,454.0,640.0,177.0,542.0,332.0,724.0,1056.0,526.0,660.0,257.0,613.0,139.0,2165.0,804.0,1972.0,490.0,669.0,92.0,330.0,323.0,713.0,1036.0,508.0,676.0,333.0,502.0,133.0,2190.0,6850,2,0.5294117647058824,0.0,0.5294117647058824,0.0,2,1,238.0,81.0,4471.0,1565.0,192.0,465.0,657.0,340.0,146.0,116.0,371.0,445.0,1368.0,547.0,438.0,326.0,403.0,145.0,2.0,15.0,4.0,305.0,86.0,9.0,27.0,36.0,21.0,5.0,7.0,24.0,25.0,80.0,33.0,22.0,12.0,24.0,8.0,0.0,0,0.18810006801459506
72,7,MIN,6.0,0,801.0,1946.0,437.0,601.0,172.0,492.0,310.0,715.0,1025.0,531.0,624.0,258.0,536.0,127.0,2211.0,862.0,2019.0,435.0,592.0,129.0,376.0,344.0,711.0,1055.0,537.0,665.0,275.0,487.0,144.0,2288.0,6825,2,0.4117647058823529,0.0,0.4117647058823529,0.0,2,1,228.0,108.0,4233.0,1502.0,199.0,457.0,656.0,326.0,162.0,116.0,369.0,455.0,1359.0,561.0,416.0,296.0,230.0,84.0,3.0,0.0,0.0,0.0,0.0,0.0,0.0,0.0,0.0,0.0,0.0,0.0,0.0,0.0,0.0,0.0,0.0,0.0,0.0,0.0,0,0.1687560770581097
73,8,MIN,7.0,0,945.0,2211.0,485.0,681.0,148.0,419.0,340.0,804.0,1144.0,491.0,654.0,193.0,530.0,113.0,2523.0,1004.0,2314.0,548.0,719.0,179.0,542.0,372.0,832.0,1204.0,625.0,633.0,308.0,438.0,124.0,2735.0,6875,2,0.29411764705882354,0.0,0.0,0.0,0,0,220.0,137.0,4941.0,1989.0,178.0,493.0,671.0,414.0,132.0,55.0,375.0,413.0,1698.0,732.0,496.0,382.0,390.0,143.0,0.0,2.0,0.0,7.0,0.0,0.0,1.0,1.0,1.0,0.0,1.0,0.0,1.0,0.0,0.0,0.0,0.0,0.0,0.0,0.0,1,0.17608364759455633
74,9,MIN,6.0,0,971.0,2355.0,531.0,674.0,163.0,496.0,397.0,785.0,1182.0,596.0,713.0,238.0,561.0,95.0,2636.0,988.0,2195.0,614.0,785.0,162.0,461.0,318.0,800.0,1118.0,565.0,645.0,279.0,529.0,147.0,2752.0,6900,2,0.29411764705882354,0.0,0.29411764705882354,0.0,0,0,300.0,170.0,6234.0,2433.0,308.0,701.0,1009.0,554.0,206.0,124.0,487.0,596.0,2155.0,891.0,630.0,506.0,411.0,145.0,7.0,8.0,6.0,235.0,113.0,4.0,22.0,26.0,8.0,9.0,2.0,9.0,15.0,85.0,41.0,20.0,20.0,30.0,11.0,0.0,1,0.23935739495578887
75,10,MIN,7.0,0,991.0,2303.0,652.0,864.0,133.0,413.0,353.0,792.0,1145.0,557.0,751.0,309.0,472.0,131.0,2767.0,974.0,2220.0,612.0,809.0,161.0,486.0,350.0,862.0,1212.0,587.0,748.0,248.0,579.0,140.0,2721.0,6875,2,0.47058823529411764,0.0,0.0,0.0,0,0,226.0,113.0,5122.0,2219.0,289.0,601.0,890.0,415.0,230.0,133.0,335.0,535.0,1788.0,788.0,681.0,539.0,314.0,104.0,7.0,0.0,0.0,0.0,0.0,0.0,0.0,0.0,0.0,0.0,0.0,0.0,0.0,0.0,0.0,0.0,0.0,0.0,0.0,0.0,3,0.25473531911935055
76,1,NYL,0.0,1,0.0,0.0,0.0,0.0,0.0,0.0,0.0,0.0,0.0,0.0,0.0,0.0,0.0,0.0,0.0,0.0,0.0,0.0,0.0,0.0,0.0,0.0,0.0,0.0,0.0,0.0,0.0,0.0,0.0,0.0,6425,0,0.0,0.0,0.0,0.0,0,0,0.0,0.0,0.0,0.0,0.0,0.0,0.0,0.0,0.0,0.0,0.0,0.0,0.0,0.0,0.0,0.0,0.0,0.0,0.0,0.0,0.0,0.0,0.0,0.0,0.0,0.0,0.0,0.0,0.0,0.0,0.0,0.0,0.0,0.0,0.0,0.0,0.0,0.0,0,0.0
77,2,NYL,1.0,1,792.0,1815.0,429.0,567.0,135.0,396.0,288.0,652.0,940.0,477.0,617.0,246.0,474.0,102.0,2148.0,741.0,1822.0,437.0,590.0,116.0,420.0,320.0,647.0,967.0,462.0,645.0,223.0,479.0,94.0,2035.0,6400,1,0.625,0.5714285714285714,0.625,0.5714285714285714,1,0,270.0,178.0,7276.0,2304.0,312.0,702.0,1014.0,632.0,270.0,106.0,531.0,656.0,1916.0,837.0,626.0,470.0,469.0,160.0,7.0,49.0,35.0,1395.0,434.0,60.0,131.0,191.0,110.0,67.0,25.0,96.0,125.0,379.0,164.0,100.0,81.0,73.0,25.0,2.0,1,0.3829636007130252
78,3,NYL,2.0,1,833.0,1828.0,336.0,500.0,160.0,421.0,255.0,660.0,915.0,553.0,616.0,265.0,437.0,82.0,2162.0,744.0,1759.0,461.0,640.0,133.0,394.0,304.0,679.0,983.0,430.0,600.0,223.0,496.0,76.0,2082.0,6450,2,0.65625,0.5,0.65625,0.5,2,0,253.0,170.0,6421.0,2213.0,261.0,651.0,912.0,558.0,275.0,77.0,414.0,605.0,1872.0,848.0,515.0,356.0,423.0,161.0,5.0,47.0,30.0,1184.0,338.0,57.0,113.0,170.0,86.0,45.0,20.0,71.0,95.0,324.0,133.0,72.0,48.0,76.0,24.0,1.0,2,0.35607914329814283
79,4,NYL,1.0,0,772.0,1740.0,400.0,567.0,145.0,400.0,260.0,610.0,870.0,496.0,638.0,261.0,458.0,100.0,2089.0,691.0,1733.0,484.0,645.0,149.0,434.0,312.0,649.0,961.0,410.0,597.0,228.0,478.0,88.0,2015.0,6850,3,0.5625,0.5,0.5625,0.5,3,0,254.0,189.0,6893.0,2394.0,263.0,675.0,938.0,539.0,266.0,134.0,448.0,625.0,1984.0,883.0,604.0,444.0,495.0,184.0,7.0,54.0,43.0,1572.0,586.0,57.0,155.0,212.0,136.0,43.0,12.0,81.0,114.0,454.0,218.0,136.0,103.0,118.0,47.0,0.0,1,0.3617273944323519
80,5,NYL,6.0,1,825.0,1923.0,412.0,537.0,181.0,500.0,271.0,686.0,957.0,527.0,587.0,262.0,470.0,128.0,2243.0,821.0,1959.0,459.0,581.0,155.0,467.0,326.0,736.0,1062.0,506.0,614.0,269.0,480.0,96.0,2256.0,6900,3,0.47058823529411764,0.0,0.47058823529411764,0.0,3,0,224.0,131.0,5643.0,2089.0,247.0,583.0,830.0,368.0,205.0,114.0,377.0,456.0,1703.0,761.0,494.0,398.0,467.0,169.0,3.0,0.0,0.0,0.0,0.0,0.0,0.0,0.0,0.0,0.0,0.0,0.0,0.0,0.0,0.0,0.0,0.0,0.0,0.0,0.0,1,0.29793554600475775
81,6,NYL,2.0,1,819.0,1932.0,398.0,531.0,216.0,617.0,263.0,741.0,1004.0,539.0,587.0,209.0,506.0,124.0,2252.0,867.0,2096.0,431.0,579.0,132.0,416.0,371.0,730.0,1101.0,517.0,589.0,288.0,430.0,123.0,2297.0,6925,4,0.5294117647058824,0.4,0.6111111111111112,0.4,1,0,284.0,141.0,6341.0,2103.0,210.0,674.0,884.0,531.0,207.0,116.0,461.0,534.0,1768.0,761.0,449.0,362.0,615.0,219.0,2.0,37.0,20.0,884.0,288.0,37.0,80.0,117.0,67.0,32.0,18.0,57.0,87.0,261.0,108.0,45.0,35.0,105.0,37.0,1.0,0,0.28306789685706774
82,7,NYL,3.0,0,828.0,1860.0,452.0,552.0,208.0,605.0,242.0,732.0,974.0,498.0,613.0,214.0,462.0,112.0,2316.0,859.0,2012.0,442.0,608.0,125.0,398.0,345.0,685.0,1030.0,473.0,590.0,275.0,411.0,86.0,2285.0,6875,5,0.5294117647058824,0.0,0.5294117647058824,0.0,2,0,237.0,59.0,3857.0,1236.0,136.0,332.0,468.0,272.0,141.0,62.0,310.0,361.0,1027.0,429.0,322.0,262.0,352.0,116.0,1.0,19.0,3.0,244.0,68.0,9.0,20.0,29.0,8.0,2.0,5.0,15.0,32.0,58.0,25.0,15.0,13.0,12.0,5.0,1.0,0,0.14376113355960765
83,8,NYL,5.0,1,822.0,2069.0,512.0,650.0,216.0,645.0,285.0,736.0,1021.0,475.0,674.0,252.0,576.0,112.0,2372.0,966.0,2153.0,553.0,722.0,171.0,461.0,341.0,832.0,1173.0,508.0,668.0,270.0,485.0,134.0,2656.0,6850,5,0.3235294117647059,0.0,0.3235294117647059,0.0,2,0,260.0,132.0,5654.0,1886.0,246.0,615.0,861.0,371.0,218.0,98.0,411.0,545.0,1651.0,665.0,497.0,386.0,492.0,170.0,3.0,0.0,0.0,0.0,0.0,0.0,0.0,0.0,0.0,0.0,0.0,0.0,0.0,0.0,0.0,0.0,0.0,0.0,0.0,0.0,0,0.1382138706043106
84,9,NYL,4.0,1,870.0,2087.0,430.0,580.0,243.0,653.0,287.0,788.0,1075.0,500.0,618.0,289.0,612.0,109.0,2413.0,920.0,2223.0,471.0,619.0,190.0,589.0,378.0,837.0,1215.0,509.0,608.0,321.0,562.0,115.0,2501.0,6900,6,0.47058823529411764,0.3333333333333333,0.47058823529411764,0.3333333333333333,3,0,292.0,167.0,6650.0,2361.0,275.0,764.0,1039.0,497.0,285.0,109.0,571.0,600.0,2034.0,849.0,570.0,422.0,662.0,241.0,2.0,25.0,15.0,611.0,210.0,19.0,85.0,104.0,47.0,23.0,8.0,36.0,51.0,190.0,78.0,47.0,34.0,54.0,20.0,0.0,1,0.21403638219312965
85,10,NYL,3.0,0,912.0,2168.0,490.0,653.0,259.0,706.0,327.0,778.0,1105.0,551.0,655.0,290.0,547.0,117.0,2573.0,924.0,2163.0,516.0,674.0,174.0,485.0,352.0,823.0,1175.0,496.0,625.0,285.0,559.0,109.0,2538.0,6900,7,0.5588235294117647,0.5,0.5588235294117647,0.5,4,0,312.0,162.0,6315.0,2379.0,333.0,714.0,1047.0,512.0,264.0,104.0,468.0,603.0,2012.0,850.0,609.0,453.0,618.0,226.0,4.0,53.0,30.0,1132.0,367.0,46.0,139.0,185.0,77.0,32.0,19.0,76.0,103.0,349.0,143.0,68.0,41.0,109.0,40.0,0.0,1,0.29865544000022565
86,1,ORL,0.0,1,0.0,0.0,0.0,0.0,0.0,0.0,0.0,0.0,0.0,0.0,0.0,0.0,0.0,0.0,0.0,0.0,0.0,0.0,0.0,0.0,0.0,0.0,0.0,0.0,0.0,0.0,0.0,0.0,0.0,0.0,6500,0,0.0,0.0,0.0,0.0,0,0,0.0,0.0,0.0,0.0,0.0,0.0,0.0,0.0,0.0,0.0,0.0,0.0,0.0,0.0,0.0,0.0,0.0,0.0,0.0,0.0,0.0,0.0,0.0,0.0,0.0,0.0,0.0,0.0,0.0,0.0,0.0,0.0,0.0,0.0,0.0,0.0,0.0,0.0,0,0.0
87,2,ORL,3.0,0,833.0,1911.0,397.0,546.0,145.0,424.0,319.0,606.0,925.0,473.0,583.0,255.0,486.0,130.0,2208.0,851.0,1964.0,378.0,495.0,153.0,450.0,348.0,669.0,1017.0,536.0,637.0,264.0,500.0,108.0,2233.0,6450,1,0.5,0.3333333333333333,0.5,0.3333333333333333,1,0,231.0,129.0,5165.0,1725.0,280.0,533.0,813.0,404.0,218.0,127.0,393.0,502.0,1465.0,640.0,493.0,355.0,261.0,90.0,4.0,17.0,12.0,462.0,123.0,18.0,49.0,67.0,28.0,16.0,12.0,30.0,42.0,122.0,50.0,24.0,16.0,28.0,7.0,0.0,0,0.25664035183622397
88,3,ORL,5.0,0,768.0,1914.0,430.0,587.0,174.0,532.0,356.0,614.0,970.0,452.0,643.0,320.0,532.0,125.0,2140.0,806.0,1831.0,436.0,605.0,157.0,438.0,316.0,659.0,975.0,534.0,600.0,298.0,546.0,114.0,2205.0,6525,1,0.40625,0.0,0.0,0.0,0,0,329.0,197.0,7739.0,2655.0,395.0,725.0,1120.0,500.0,345.0,141.0,576.0,756.0,2350.0,973.0,663.0,490.0,662.0,219.0,6.0,11.0,3.0,243.0,72.0,10.0,13.0,23.0,10.0,4.0,4.0,13.0,18.0,74.0,31.0,10.0,7.0,10.0,3.0,0.0,0,0.3600861437737015
89,1,PHO,0.0,1,0.0,0.0,0.0,0.0,0.0,0.0,0.0,0.0,0.0,0.0,0.0,0.0,0.0,0.0,0.0,0.0,0.0,0.0,0.0,0.0,0.0,0.0,0.0,0.0,0.0,0.0,0.0,0.0,0.0,0.0,6425,0,0.0,0.0,0.0,0.0,0,0,0.0,0.0,0.0,0.0,0.0,0.0,0.0,0.0,0.0,0.0,0.0,0.0,0.0,0.0,0.0,0.0,0.0,0.0,0.0,0.0,0.0,0.0,0.0,0.0,0.0,0.0,0.0,0.0,0.0,0.0,0.0,0.0,0.0,0.0,0.0,0.0,0.0,0.0,0,0.0
90,2,PHO,4.0,0,803.0,1800.0,513.0,661.0,124.0,394.0,275.0,619.0,894.0,465.0,630.0,285.0,429.0,91.0,2243.0,773.0,1828.0,421.0,574.0,135.0,416.0,334.0,635.0,969.0,486.0,699.0,224.0,531.0,91.0,2102.0,6450,1,0.625,0.0,0.0,0.0,0,0,262.0,136.0,5613.0,1978.0,227.0,530.0,757.0,406.0,256.0,85.0,384.0,526.0,1652.0,718.0,540.0,423.0,383.0,119.0,5.0,14.0,8.0,342.0,125.0,10.0,27.0,37.0,32.0,9.0,8.0,19.0,40.0,103.0,48.0,28.0,19.0,35.0,10.0,0.0,0,0.22230986893258803
91,3,PHO,5.0,0,767.0,1894.0,429.0,587.0,101.0,313.0,300.0,642.0,942.0,514.0,625.0,292.0,519.0,138.0,2064.0,785.0,1892.0,462.0,584.0,137.0,391.0,333.0,698.0,1031.0,524.0,603.0,283.0,517.0,127.0,2169.0,6400,1,0.40625,0.0,0.40625,0.0,0,0,267.0,102.0,4666.0,1364.0,197.0,476.0,673.0,325.0,183.0,66.0,374.0,439.0,1306.0,500.0,422.0,299.0,208.0,65.0,1.0,3.0,0.0,21.0,4.0,1.0,4.0,5.0,1.0,1.0,0.0,2.0,1.0,5.0,2.0,4.0,0.0,0.0,0.0,0.0,0,0.23908444021090552
92,4,PHO,7.0,0,793.0,1889.0,405.0,538.0,100.0,328.0,292.0,626.0,918.0,427.0,623.0,267.0,501.0,94.0,2091.0,850.0,1870.0,436.0,608.0,155.0,388.0,309.0,692.0,1001.0,532.0,600.0,268.0,491.0,127.0,2291.0,6925,1,0.34375,0.0,0.0,0.0,0,0,405.0,138.0,7124.0,1920.0,359.0,692.0,1051.0,531.0,362.0,88.0,541.0,733.0,1791.0,727.0,520.0,357.0,358.0,109.0,1.0,4.0,0.0,28.0,9.0,4.0,4.0,8.0,1.0,0.0,0.0,3.0,0.0,11.0,3.0,2.0,2.0,3.0,1.0,0.0,0,0.25634627918245395
93,5,PHO,7.0,0,801.0,2095.0,379.0,556.0,116.0,349.0,357.0,643.0,1000.0,461.0,664.0,310.0,479.0,111.0,2097.0,834.0,1867.0,466.0,626.0,136.0,371.0,303.0,811.0,1114.0,509.0,667.0,275.0,610.0,146.0,2270.0,6825,1,0.23529411764705882,0.0,0.0,0.0,0,0,242.0,160.0,5484.0,1853.0,297.0,560.0,857.0,294.0,246.0,93.0,359.0,542.0,1682.0,692.0,522.0,367.0,295.0,102.0,9.0,3.0,3.0,99.0,45.0,1.0,12.0,13.0,3.0,6.0,1.0,6.0,10.0,36.0,16.0,12.0,10.0,10.0,3.0,0.0,0,0.23193248189853627
94,6,PHO,5.0,0,826.0,1922.0,456.0,598.0,192.0,519.0,264.0,652.0,916.0,501.0,748.0,282.0,464.0,137.0,2300.0,784.0,1845.0,534.0,724.0,133.0,348.0,309.0,711.0,1020.0,456.0,660.0,226.0,536.0,137.0,2235.0,6800,1,0.5,0.0,0.5,0.0,0,0,339.0,229.0,7893.0,2821.0,400.0,840.0,1240.0,527.0,314.0,168.0,505.0,820.0,2362.0,1032.0,775.0,576.0,495.0,181.0,19.0,8.0,8.0,204.0,49.0,13.0,17.0,30.0,6.0,7.0,7.0,13.0,16.0,47.0,19.0,18.0,11.0,0.0,0.0,0.0,1,0.29537052481164094
95,7,PHO,5.0,0,826.0,1994.0,531.0,693.0,178.0,539.0,342.0,720.0,1062.0,549.0,697.0,243.0,517.0,179.0,2361.0,855.0,1993.0,523.0,720.0,121.0,332.0,319.0,705.0,1024.0,470.0,672.0,265.0,483.0,112.0,2354.0,6900,1,0.47058823529411764,0.0,0.0,0.0,0,0,260.0,142.0,5344.0,1886.0,227.0,525.0,752.0,494.0,192.0,89.0,375.0,551.0,1536.0,657.0,518.0,408.0,501.0,164.0,7.0,12.0,5.0,237.0,46.0,1.0,10.0,11.0,24.0,10.0,0.0,11.0,17.0,44.0,14.0,14.0,9.0,18.0,9.0,0.0,2,0.25667038116848095
96,8,PHO,5.0,1,1079.0,2434.0,537.0,684.0,265.0,722.0,334.0,811.0,1145.0,640.0,741.0,275.0,442.0,127.0,2960.0,1023.0,2360.0,630.0,852.0,203.0,618.0,408.0,875.0,1283.0,578.0,669.0,231.0,537.0,126.0,2879.0,6850,1,0.5294117647058824,0.0,0.5294117647058824,0.0,0,0,380.0,169.0,8166.0,3681.0,360.0,877.0,1237.0,713.0,328.0,151.0,579.0,845.0,3076.0,1329.0,846.0,661.0,984.0,362.0,9.0,2.0,0.0,26.0,10.0,3.0,2.0,5.0,0.0,1.0,0.0,3.0,5.0,9.0,5.0,0.0,0.0,1.0,0.0,0.0,3,0.3263337264678907
97,9,PHO,1.0,0,1063.0,2419.0,616.0,754.0,283.0,802.0,279.0,873.0,1152.0,683.0,658.0,285.0,486.0,159.0,3025.0,1022.0,2526.0,570.0,716.0,290.0,762.0,445.0,945.0,1390.0,628.0,684.0,244.0,595.0,109.0,2904.0,6825,2,0.6764705882352942,0.7777777777777778,0.0,0.0,0,0,252.0,139.0,5380.0,2231.0,195.0,643.0,838.0,548.0,205.0,114.0,372.0,488.0,1867.0,797.0,518.0,419.0,626.0,218.0,3.0,53.0,36.0,1370.0,684.0,64.0,164.0,228.0,134.0,49.0,26.0,72.0,112.0,514.0,238.0,147.0,122.0,220.0,86.0,1.0,4,0.26417407227878936
98,10,PHO,6.0,1,1069.0,2485.0,642.0,773.0,230.0,701.0,375.0,851.0,1226.0,560.0,794.0,232.0,489.0,156.0,3010.0,1036.0,2460.0,694.0,932.0,243.0,695.0,440.0,858.0,1298.0,650.0,717.0,234.0,500.0,129.0,3009.0,6900,2,0.47058823529411764,0.0,0.47058823529411764,0.0,0,0,299.0,202.0,6709.0,3325.0,353.0,827.0,1180.0,604.0,265.0,140.0,480.0,766.0,2634.0,1158.0,904.0,759.0,761.0,250.0,11.0,15.0,9.0,426.0,222.0,27.0,58.0,85.0,55.0,22.0,11.0,38.0,43.0,156.0,72.0,75.0,68.0,27.0,10.0,0.0,4,0.3066774477234989
99,1,POR,0.0,0,0.0,0.0,0.0,0.0,0.0,0.0,0.0,0.0,0.0,0.0,0.0,0.0,0.0,0.0,0.0,0.0,0.0,0.0,0.0,0.0,0.0,0.0,0.0,0.0,0.0,0.0,0.0,0.0,0.0,0.0,6525,0,0.0,0.0,0.0,0.0,0,0,0.0,0.0,0.0,0.0,0.0,0.0,0.0,0.0,0.0,0.0,0.0,0.0,0.0,0.0,0.0,0.0,0.0,0.0,0.0,0.0,0.0,0.0,0.0,0.0,0.0,0.0,0.0,0.0,0.0,0.0,0.0,0.0,0.0,0.0,0.0,0.0,0.0,0.0,0,0.0
100,2,POR,7.0,0,761.0,1828.0,488.0,697.0,145.0,433.0,309.0,627.0,936.0,480.0,761.0,265.0,593.0,93.0,2155.0,788.0,1847.0,577.0,766.0,150.0,447.0,307.0,646.0,953.0,487.0,729.0,277.0,531.0,130.0,2303.0,6525,0,0.3125,0.0,0.3125,0.0,0,0,259.0,178.0,6230.0,2073.0,299.0,633.0,932.0,450.0,244.0,94.0,490.0,667.0,1732.0,733.0,666.0,485.0,380.0,122.0,9.0,0.0,0.0,0.0,0.0,0.0,0.0,0.0,0.0,0.0,0.0,0.0,0.0,0.0,0.0,0.0,0.0,0.0,0.0,0.0,0,0.256640673692558
101,3,POR,7.0,0,733.0,1891.0,450.0,612.0,172.0,519.0,300.0,696.0,996.0,451.0,633.0,244.0,500.0,106.0,2088.0,791.0,1944.0,461.0,656.0,159.0,410.0,343.0,763.0,1106.0,501.0,643.0,293.0,474.0,144.0,2202.0,6475,0,0.34375,0.0,0.34375,0.0,0,0,303.0,159.0,6334.0,1896.0,281.0,706.0,987.0,513.0,251.0,100.0,455.0,568.0,1640.0,668.0,566.0,410.0,405.0,150.0,3.0,7.0,7.0,239.0,58.0,3.0,12.0,15.0,41.0,4.0,4.0,6.0,14.0,53.0,18.0,16.0,12.0,36.0,10.0,0.0,1,0.2672243893725682
102,1,SAC,0.0,1,0.0,0.0,0.0,0.0,0.0,0.0,0.0,0.0,0.0,0.0,0.0,0.0,0.0,0.0,0.0,0.0,0.0,0.0,0.0,0.0,0.0,0.0,0.0,0.0,0.0,0.0,0.0,0.0,0.0,0.0,6400,0,0.0,0.0,0.0,0.0,0,0,0.0,0.0,0.0,0.0,0.0,0.0,0.0,0.0,0.0,0.0,0.0,0.0,0.0,0.0,0.0,0.0,0.0,0.0,0.0,0.0,0.0,0.0,0.0,0.0,0.0,0.0,0.0,0.0,0.0,0.0,0.0,0.0,0.0,0.0,0.0,0.0,0.0,0.0,0,0.0
103,2,SAC,3.0,1,876.0,1993.0,449.0,650.0,142.0,459.0,388.0,650.0,1038.0,567.0,571.0,332.0,458.0,157.0,2343.0,811.0,1918.0,410.0,544.0,144.0,418.0,320.0,631.0,951.0,503.0,600.0,226.0,524.0,116.0,2176.0,6525,1,0.65625,0.0,0.65625,0.0,1,0,303.0,206.0,6998.0,2685.0,388.0,691.0,1079.0,611.0,328.0,201.0,517.0,610.0,2263.0,1006.0,755.0,536.0,452.0,137.0,6.0,17.0,10.0,377.0,137.0,17.0,41.0,58.0,30.0,14.0,2.0,19.0,33.0,117.0,49.0,34.0,28.0,30.0,11.0,1.0,0,0.3561823931326275
104,3,SAC,2.0,0,837.0,1974.0,457.0,618.0,163.0,423.0,374.0,723.0,1097.0,558.0,588.0,276.0,494.0,158.0,2294.0,804.0,2003.0,415.0,578.0,116.0,400.0,343.0,662.0,1005.0,496.0,616.0,261.0,481.0,143.0,2139.0,6575,2,0.625,0.6,0.7,0.6,1,0,313.0,160.0,6685.0,2295.0,378.0,732.0,1110.0,565.0,273.0,160.0,493.0,605.0,1978.0,838.0,628.0,460.0,411.0,159.0,5.0,48.0,25.0,1020.0,375.0,49.0,103.0,152.0,81.0,35.0,21.0,54.0,90.0,323.0,125.0,113.0,92.0,78.0,33.0,0.0,0,0.3570265309312826
105,4,SAC,6.0,1,780.0,1945.0,494.0,653.0,112.0,395.0,301.0,648.0,949.0,500.0,675.0,247.0,456.0,109.0,2166.0,815.0,1944.0,515.0,681.0,149.0,453.0,352.0,723.0,1075.0,493.0,633.0,233.0,496.0,128.0,2294.0,6825,2,0.4375,0.0,0.4375,0.0,1,0,224.0,147.0,5785.0,2106.0,301.0,617.0,918.0,410.0,220.0,125.0,394.0,592.0,1802.0,778.0,633.0,477.0,236.0,73.0,6.0,0.0,0.0,0.0,0.0,0.0,0.0,0.0,0.0,0.0,0.0,0.0,0.0,0.0,0.0,0.0,0.0,0.0,0.0,0.0,0,0.26503844587570896
106,5,SAC,3.0,1,862.0,2107.0,425.0,626.0,150.0,473.0,349.0,718.0,1067.0,568.0,641.0,297.0,461.0,122.0,2299.0,816.0,1991.0,435.0,597.0,149.0,467.0,345.0,751.0,1096.0,516.0,640.0,224.0,576.0,141.0,2216.0,6900,3,0.5588235294117647,0.5,0.75,0.5,1,0,319.0,166.0,6675.0,2263.0,340.0,704.0,1044.0,556.0,295.0,119.0,439.0,625.0,2060.0,845.0,624.0,424.0,471.0,149.0,7.0,57.0,30.0,1191.0,375.0,51.0,137.0,188.0,84.0,24.0,19.0,78.0,105.0,345.0,140.0,96.0,74.0,74.0,21.0,0.0,1,0.2926603039967587
107,6,SAC,4.0,1,874.0,2072.0,435.0,604.0,129.0,365.0,389.0,635.0,1024.0,519.0,641.0,314.0,485.0,118.0,2312.0,803.0,1872.0,474.0,631.0,161.0,458.0,310.0,676.0,986.0,513.0,646.0,241.0,593.0,117.0,2241.0,6800,4,0.5294117647058824,0.5,0.5294117647058824,0.5,2,0,268.0,111.0,5468.0,1767.0,335.0,562.0,897.0,429.0,262.0,100.0,406.0,539.0,1491.0,652.0,520.0,365.0,272.0,98.0,3.0,36.0,18.0,871.0,260.0,49.0,78.0,127.0,72.0,50.0,21.0,64.0,70.0,231.0,96.0,77.0,56.0,40.0,12.0,0.0,0,0.245373695243395
108,7,SAC,1.0,1,853.0,1986.0,494.0,721.0,129.0,360.0,369.0,674.0,1043.0,527.0,684.0,304.0,500.0,108.0,2329.0,751.0,1823.0,478.0,653.0,113.0,376.0,273.0,694.0,967.0,463.0,723.0,235.0,622.0,132.0,2093.0,6875,5,0.7352941176470589,0.875,0.7352941176470589,0.875,3,1,246.0,136.0,5547.0,2029.0,306.0,604.0,910.0,437.0,255.0,91.0,389.0,510.0,1722.0,741.0,620.0,431.0,314.0,116.0,1.0,60.0,32.0,1417.0,512.0,62.0,166.0,228.0,118.0,52.0,14.0,85.0,124.0,437.0,193.0,123.0,91.0,76.0,35.0,1.0,1,0.2653255998509787
109,8,SAC,2.0,1,919.0,2190.0,542.0,741.0,157.0,461.0,418.0,720.0,1138.0,509.0,670.0,330.0,542.0,88.0,2537.0,872.0,2021.0,504.0,661.0,156.0,507.0,294.0,725.0,1019.0,507.0,687.0,244.0,633.0,143.0,2404.0,6950,6,0.6176470588235294,0.6666666666666666,0.0,0.0,0,0,370.0,142.0,6881.0,2351.0,394.0,832.0,1226.0,523.0,320.0,81.0,473.0,637.0,2079.0,836.0,739.0,521.0,462.0,158.0,2.0,70.0,45.0,1533.0,605.0,94.0,168.0,262.0,127.0,62.0,20.0,88.0,134.0,512.0,223.0,157.0,111.0,116.0,48.0,0.0,3,0.3230527891516146
110,9,SAC,3.0,1,901.0,2214.0,572.0,745.0,153.0,429.0,452.0,723.0,1175.0,537.0,642.0,325.0,611.0,101.0,2527.0,891.0,2081.0,512.0,664.0,186.0,547.0,308.0,718.0,1026.0,542.0,689.0,274.0,649.0,141.0,2480.0,6800,7,0.5588235294117647,0.3333333333333333,0.5588235294117647,0.3333333333333333,1,0,237.0,136.0,5091.0,1902.0,356.0,578.0,934.0,388.0,236.0,72.0,379.0,437.0,1682.0,673.0,547.0,435.0,349.0,121.0,4.0,20.0,12.0,415.0,169.0,23.0,50.0,73.0,35.0,24.0,10.0,31.0,42.0,145.0,62.0,45.0,36.0,27.0,9.0,0.0,1,0.23687169766852523
111,10,SAC,4.0,0,883.0,2159.0,611.0,816.0,168.0,438.0,388.0,721.0,1109.0,473.0,690.0,319.0,586.0,77.0,2545.0,958.0,2128.0,469.0,622.0,186.0,542.0,308.0,767.0,1075.0,581.0,759.0,267.0,624.0,206.0,2571.0,6850,8,0.5294117647058824,0.3333333333333333,0.5294117647058824,0.3333333333333333,2,0,289.0,157.0,6012.0,2417.0,333.0,641.0,974.0,407.0,301.0,71.0,460.0,597.0,1968.0,833.0,719.0,558.0,461.0,193.0,3.0,27.0,12.0,506.0,205.0,23.0,60.0,83.0,51.0,21.0,5.0,45.0,60.0,154.0,80.0,41.0,34.0,32.0,11.0,1.0,1,0.28295743427620446
112,4,SAS,0.0,0,0.0,0.0,0.0,0.0,0.0,0.0,0.0,0.0,0.0,0.0,0.0,0.0,0.0,0.0,0.0,0.0,0.0,0.0,0.0,0.0,0.0,0.0,0.0,0.0,0.0,0.0,0.0,0.0,0.0,0.0,6825,0,0.0,0.0,0.625,0.4,2,0,236.0,174.0,6176.0,2338.0,291.0,613.0,904.0,493.0,206.0,182.0,502.0,588.0,1945.0,835.0,758.0,586.0,254.0,82.0,3.0,30.0,20.0,835.0,283.0,23.0,99.0,122.0,74.0,23.0,22.0,69.0,75.0,254.0,104.0,81.0,60.0,45.0,15.0,0.0,0,0.28357367488362023
113,5,SAS,6.0,0,792.0,2068.0,538.0,736.0,93.0,315.0,350.0,795.0,1145.0,428.0,728.0,187.0,513.0,167.0,2215.0,867.0,2176.0,544.0,745.0,149.0,482.0,389.0,783.0,1172.0,530.0,669.0,275.0,424.0,140.0,2427.0,6875,0,0.35294117647058826,0.0,0.5,0.0,0,0,319.0,187.0,7027.0,2628.0,406.0,831.0,1237.0,534.0,232.0,159.0,553.0,665.0,2316.0,948.0,915.0,678.0,235.0,54.0,5.0,11.0,7.0,258.0,96.0,12.0,29.0,41.0,24.0,8.0,6.0,19.0,27.0,69.0,32.0,35.0,27.0,12.0,5.0,0.0,0,0.32042897307764884
114,6,SAS,7.0,0,812.0,1940.0,488.0,628.0,79.0,247.0,302.0,701.0,1003.0,493.0,628.0,272.0,513.0,106.0,2191.0,888.0,2003.0,416.0,564.0,172.0,469.0,324.0,710.0,1034.0,575.0,624.0,280.0,492.0,129.0,2364.0,6800,0,0.2647058823529412,0.0,0.5,0.3333333333333333,3,1,225.0,141.0,4398.0,1492.0,159.0,402.0,561.0,292.0,147.0,34.0,304.0,408.0,1273.0,541.0,416.0,331.0,222.0,79.0,3.0,19.0,14.0,279.0,80.0,11.0,40.0,51.0,7.0,6.0,3.0,12.0,20.0,81.0,32.0,13.0,7.0,26.0,9.0,0.0,2,0.22158034626121587
115,7,SAS,7.0,0,764.0,1833.0,503.0,652.0,110.0,339.0,256.0,690.0,946.0,433.0,650.0,195.0,535.0,90.0,2141.0,898.0,2059.0,463.0,611.0,142.0,408.0,351.0,704.0,1055.0,563.0,685.0,283.0,429.0,148.0,2401.0,6800,0,0.20588235294117646,0.0,0.20588235294117646,0.0,3,1,227.0,132.0,5025.0,1458.0,126.0,395.0,521.0,433.0,144.0,43.0,373.0,421.0,1226.0,507.0,399.0,325.0,351.0,119.0,6.0,2.0,2.0,73.0,26.0,0.0,6.0,6.0,7.0,1.0,0.0,4.0,7.0,22.0,10.0,8.0,6.0,3.0,0.0,0.0,0,0.20385190930545619
116,8,SAS,6.0,1,915.0,2255.0,504.0,672.0,189.0,556.0,354.0,814.0,1168.0,540.0,610.0,246.0,488.0,83.0,2523.0,974.0,2262.0,490.0,640.0,165.0,459.0,372.0,865.0,1237.0,560.0,641.0,254.0,480.0,129.0,2603.0,6875,0,0.38235294117647056,0.0,0.38235294117647056,0.0,3,1,248.0,213.0,6246.0,2213.0,287.0,722.0,1009.0,518.0,233.0,97.0,430.0,557.0,2026.0,814.0,586.0,465.0,361.0,120.0,2.0,10.0,10.0,225.0,44.0,12.0,20.0,32.0,5.0,5.0,13.0,15.0,27.0,52.0,20.0,4.0,4.0,0.0,0.0,0.0,1,0.2851634917152979
117,9,SAS,2.0,1,923.0,2176.0,464.0,577.0,207.0,566.0,323.0,764.0,1087.0,567.0,653.0,283.0,558.0,130.0,2517.0,904.0,2139.0,529.0,688.0,147.0,454.0,361.0,776.0,1137.0,516.0,619.0,257.0,583.0,137.0,2484.0,6850,1,0.5882352941176471,0.4,0.5882352941176471,0.4,4,2,235.0,165.0,5579.0,2092.0,235.0,641.0,876.0,513.0,214.0,119.0,436.0,531.0,1751.0,790.0,485.0,390.0,330.0,122.0,2.0,31.0,25.0,785.0,330.0,43.0,88.0,131.0,87.0,25.0,18.0,55.0,71.0,280.0,123.0,56.0,44.0,89.0,40.0,1.0,1,0.25139537774217
118,10,SAS,1.0,1,901.0,2080.0,561.0,694.0,183.0,539.0,246.0,847.0,1093.0,601.0,602.0,272.0,525.0,150.0,2546.0,904.0,2271.0,471.0,634.0,139.0,483.0,389.0,817.0,1206.0,500.0,666.0,278.0,528.0,109.0,2418.0,6950,2,0.7058823529411765,0.4444444444444444,0.7058823529411765,0.4444444444444444,5,2,251.0,149.0,5810.0,2310.0,199.0,744.0,943.0,562.0,237.0,115.0,420.0,491.0,1889.0,829.0,593.0,484.0,507.0,168.0,3.0,64.0,37.0,1573.0,586.0,58.0,157.0,215.0,129.0,49.0,26.0,113.0,118.0,496.0,205.0,165.0,135.0,120.0,41.0,0.0,2,0.26689131401653327
119,1,SEA,0.0,0,0.0,0.0,0.0,0.0,0.0,0.0,0.0,0.0,0.0,0.0,0.0,0.0,0.0,0.0,0.0,0.0,0.0,0.0,0.0,0.0,0.0,0.0,0.0,0.0,0.0,0.0,0.0,0.0,0.0,0.0,6475,0,0.0,0.0,0.0,0.0,0,0,0.0,0.0,0.0,0.0,0.0,0.0,0.0,0.0,0.0,0.0,0.0,0.0,0.0,0.0,0.0,0.0,0.0,0.0,0.0,0.0,0.0,0.0,0.0,0.0,0.0,0.0,0.0,0.0,0.0,0.0,0.0,0.0,0.0,0.0,0.0,0.0,0.0,0.0,0,0.0
120,2,SEA,8.0,0,667.0,1740.0,379.0,561.0,109.0,364.0,256.0,537.0,793.0,390.0,648.0,255.0,525.0,93.0,1822.0,778.0,1721.0,498.0,654.0,117.0,334.0,288.0,721.0,1009.0,506.0,618.0,284.0,529.0,123.0,2171.0,6550,0,0.1875,0.0,0.1875,0.0,0,0,283.0,106.0,5375.0,1494.0,195.0,465.0,660.0,369.0,219.0,85.0,448.0,579.0,1404.0,544.0,481.0,305.0,330.0,101.0,5.0,2.0,0.0,10.0,0.0,1.0,0.0,1.0,1.0,0.0,0.0,2.0,0.0,2.0,0.0,0.0,0.0,2.0,0.0,0.0,0,0.18639172234927734
121,3,SEA,8.0,1,689.0,1821.0,415.0,606.0,128.0,412.0,306.0,585.0,891.0,412.0,605.0,273.0,431.0,127.0,1921.0,753.0,1750.0,417.0,559.0,125.0,325.0,296.0,756.0,1052.0,492.0,588.0,228.0,519.0,127.0,2048.0,6450,0,0.3125,0.0,0.3125,0.0,0,0,256.0,147.0,5798.0,1721.0,252.0,544.0,796.0,427.0,243.0,108.0,371.0,531.0,1614.0,618.0,542.0,374.0,370.0,111.0,5.0,0.0,0.0,0.0,0.0,0.0,0.0,0.0,0.0,0.0,0.0,0.0,0.0,0.0,0.0,0.0,0.0,0.0,0.0,0.0,0,0.1985694709443195
122,4,SEA,4.0,0,794.0,1948.0,418.0,543.0,182.0,506.0,362.0,633.0,995.0,514.0,623.0,282.0,477.0,151.0,2188.0,783.0,1818.0,435.0,587.0,102.0,342.0,307.0,662.0,969.0,488.0,563.0,254.0,531.0,125.0,2103.0,6850,1,0.53125,0.0,0.5625,0.0,2,0,304.0,202.0,7039.0,2445.0,339.0,694.0,1033.0,531.0,294.0,161.0,489.0,630.0,2162.0,902.0,586.0,459.0,532.0,182.0,4.0,15.0,10.0,398.0,120.0,15.0,29.0,44.0,32.0,19.0,7.0,26.0,35.0,121.0,42.0,29.0,24.0,46.0,12.0,0.0,0,0.32780084637010576
123,5,SEA,5.0,1,890.0,2045.0,442.0,567.0,166.0,500.0,342.0,732.0,1074.0,548.0,644.0,232.0,465.0,138.0,2388.0,844.0,2039.0,441.0,591.0,145.0,437.0,352.0,689.0,1041.0,456.0,570.0,245.0,459.0,104.0,2274.0,6825,1,0.5294117647058824,0.0,0.5294117647058824,0.0,2,0,291.0,161.0,6444.0,2640.0,365.0,803.0,1168.0,538.0,213.0,143.0,467.0,623.0,2269.0,973.0,679.0,523.0,527.0,171.0,8.0,10.0,3.0,163.0,65.0,8.0,24.0,32.0,13.0,13.0,2.0,15.0,16.0,66.0,26.0,16.0,11.0,9.0,2.0,0.0,2,0.3040006828440844
124,6,SEA,2.0,1,873.0,2025.0,524.0,676.0,167.0,439.0,350.0,709.0,1059.0,552.0,665.0,302.0,499.0,131.0,2437.0,851.0,1989.0,423.0,592.0,139.0,391.0,303.0,679.0,982.0,507.0,678.0,252.0,527.0,137.0,2264.0,6825,2,0.5882352941176471,0.75,0.5882352941176471,0.75,3,0,217.0,102.0,4516.0,1779.0,215.0,480.0,695.0,361.0,165.0,114.0,313.0,391.0,1460.0,645.0,442.0,339.0,388.0,150.0,2.0,47.0,24.0,1017.0,420.0,52.0,110.0,162.0,82.0,39.0,22.0,72.0,85.0,340.0,153.0,91.0,78.0,72.0,36.0,0.0,3,0.21738709192704384
125,7,SEA,2.0,1,906.0,2066.0,544.0,688.0,142.0,429.0,323.0,776.0,1099.0,520.0,657.0,201.0,516.0,158.0,2498.0,892.0,2163.0,490.0,646.0,133.0,419.0,334.0,686.0,1020.0,568.0,691.0,267.0,438.0,154.0,2407.0,6800,3,0.5882352941176471,0.3333333333333333,0.5882352941176471,0.3333333333333333,4,0,295.0,204.0,7015.0,2547.0,348.0,848.0,1196.0,482.0,187.0,151.0,489.0,662.0,2051.0,926.0,680.0,539.0,443.0,156.0,10.0,20.0,15.0,516.0,170.0,15.0,50.0,65.0,37.0,18.0,5.0,30.0,55.0,152.0,59.0,45.0,42.0,46.0,10.0,0.0,4,0.3095765578082821
126,8,SEA,4.0,1,961.0,2124.0,562.0,712.0,160.0,475.0,327.0,821.0,1148.0,514.0,682.0,232.0,570.0,127.0,2644.0,940.0,2218.0,531.0,707.0,164.0,484.0,322.0,709.0,1031.0,520.0,683.0,297.0,485.0,115.0,2575.0,6825,4,0.5294117647058824,0.3333333333333333,0.5294117647058824,0.3333333333333333,5,0,336.0,166.0,6329.0,2497.0,327.0,755.0,1082.0,521.0,208.0,130.0,515.0,630.0,2077.0,910.0,661.0,512.0,485.0,165.0,5.0,24.0,15.0,513.0,196.0,18.0,54.0,72.0,43.0,13.0,13.0,32.0,43.0,168.0,62.0,69.0,55.0,62.0,17.0,1.0,6,0.3154491823506821
127,9,SEA,4.0,1,964.0,2210.0,582.0,715.0,224.0,639.0,344.0,820.0,1164.0,533.0,620.0,242.0,533.0,151.0,2734.0,987.0,2321.0,478.0,586.0,195.0,528.0,333.0,761.0,1094.0,591.0,642.0,272.0,495.0,112.0,2647.0,6800,5,0.5,0.0,0.3157894736842105,0.0,0,0,267.0,136.0,5586.0,2126.0,293.0,684.0,977.0,445.0,201.0,140.0,412.0,492.0,1724.0,770.0,592.0,458.0,367.0,128.0,2.0,24.0,20.0,604.0,221.0,38.0,73.0,111.0,44.0,17.0,12.0,46.0,54.0,188.0,86.0,49.0,38.0,28.0,11.0,0.0,15,0.33708444126099807
128,10,SEA,2.0,1,899.0,2112.0,552.0,728.0,143.0,453.0,340.0,822.0,1162.0,530.0,684.0,269.0,526.0,140.0,2493.0,861.0,2164.0,512.0,680.0,172.0,539.0,332.0,760.0,1092.0,498.0,674.0,263.0,515.0,115.0,2406.0,7025,6,0.6470588235294118,0.3333333333333333,0.6470588235294118,0.3333333333333333,1,0,348.0,177.0,7608.0,2731.0,344.0,823.0,1167.0,689.0,276.0,176.0,582.0,774.0,2335.0,985.0,775.0,597.0,511.0,164.0,4.0,24.0,10.0,492.0,172.0,19.0,50.0,69.0,25.0,19.0,6.0,39.0,47.0,153.0,62.0,51.0,39.0,32.0,9.0,0.0,5,0.33931491933512814
129,1,UTA,0.0,0,0.0,0.0,0.0,0.0,0.0,0.0,0.0,0.0,0.0,0.0,0.0,0.0,0.0,0.0,0.0,0.0,0.0,0.0,0.0,0.0,0.0,0.0,0.0,0.0,0.0,0.0,0.0,0.0,0.0,0.0,6400,0,0.0,0.0,0.0,0.0,0,0,0.0,0.0,0.0,0.0,0.0,0.0,0.0,0.0,0.0,0.0,0.0,0.0,0.0,0.0,0.0,0.0,0.0,0.0,0.0,0.0,0.0,0.0,0.0,0.0,0.0,0.0,0.0,0.0,0.0,0.0,0.0,0.0,0.0,0.0,0.0,0.0,0.0,0.0,0,0.0
130,2,UTA,5.0,1,858.0,1896.0,609.0,790.0,88.0,262.0,348.0,732.0,1080.0,522.0,698.0,214.0,544.0,157.0,2413.0,860.0,1964.0,531.0,721.0,156.0,448.0,313.0,598.0,911.0,503.0,702.0,301.0,437.0,112.0,2407.0,6475,0,0.5625,0.0,0.5625,0.0,0,0,251.0,170.0,6122.0,2285.0,343.0,751.0,1094.0,490.0,213.0,150.0,508.0,677.0,1835.0,829.0,739.0,562.0,192.0,65.0,10.0,0.0,0.0,0.0,0.0,0.0,0.0,0.0,0.0,0.0,0.0,0.0,0.0,0.0,0.0,0.0,0.0,0.0,0.0,0.0,0,0.2776714661297026
131,3,UTA,3.0,1,811.0,1849.0,507.0,675.0,78.0,244.0,295.0,775.0,1070.0,524.0,622.0,202.0,493.0,156.0,2207.0,789.0,1976.0,489.0,660.0,125.0,429.0,344.0,630.0,974.0,478.0,645.0,275.0,390.0,148.0,2192.0,6450,1,0.59375,0.0,0.7368421052631579,0.0,1,0,236.0,150.0,5943.0,2053.0,279.0,738.0,1017.0,469.0,173.0,153.0,430.0,562.0,1701.0,756.0,627.0,471.0,219.0,70.0,7.0,15.0,10.0,379.0,124.0,17.0,43.0,60.0,24.0,11.0,13.0,24.0,46.0,104.0,42.0,49.0,38.0,17.0,2.0,2.0,0,0.2967834150620494
132,1,WAS,0.0,1,0.0,0.0,0.0,0.0,0.0,0.0,0.0,0.0,0.0,0.0,0.0,0.0,0.0,0.0,0.0,0.0,0.0,0.0,0.0,0.0,0.0,0.0,0.0,0.0,0.0,0.0,0.0,0.0,0.0,0.0,6400,0,0.0,0.0,0.0,0.0,0,0,0.0,0.0,0.0,0.0,0.0,0.0,0.0,0.0,0.0,0.0,0.0,0.0,0.0,0.0,0.0,0.0,0.0,0.0,0.0,0.0,0.0,0.0,0.0,0.0,0.0,0.0,0.0,0.0,0.0,0.0,0.0,0.0,0.0,0.0,0.0,0.0,0.0,0.0,0,0.0
133,2,WAS,4.0,0,832.0,1813.0,403.0,578.0,109.0,335.0,300.0,646.0,946.0,521.0,597.0,245.0,506.0,126.0,2176.0,845.0,1875.0,382.0,555.0,149.0,397.0,299.0,612.0,911.0,513.0,595.0,261.0,456.0,102.0,2221.0,6500,1,0.4375,0.0,0.0,0.0,0,0,236.0,146.0,5385.0,2009.0,292.0,569.0,861.0,327.0,208.0,117.0,399.0,521.0,1660.0,781.0,530.0,364.0,251.0,83.0,4.0,13.0,8.0,357.0,111.0,12.0,27.0,39.0,25.0,12.0,6.0,27.0,29.0,92.0,43.0,30.0,20.0,18.0,5.0,0.0,0,0.2727874882951985
134,3,WAS,8.0,1,739.0,1915.0,333.0,504.0,117.0,418.0,356.0,699.0,1055.0,424.0,537.0,257.0,495.0,127.0,1928.0,791.0,1945.0,347.0,467.0,146.0,408.0,331.0,737.0,1068.0,487.0,543.0,261.0,454.0,103.0,2075.0,6450,1,0.3125,0.0,0.0,0.0,0,0,265.0,128.0,5512.0,1556.0,325.0,653.0,978.0,372.0,229.0,125.0,405.0,443.0,1597.0,612.0,363.0,237.0,318.0,95.0,2.0,0.0,0.0,0.0,0.0,0.0,0.0,0.0,0.0,0.0,0.0,0.0,0.0,0.0,0.0,0.0,0.0,0.0,0.0,0.0,0,0.24588073328198057
135,4,WAS,3.0,0,806.0,1910.0,359.0,478.0,164.0,443.0,330.0,708.0,1038.0,516.0,583.0,221.0,455.0,94.0,2135.0,786.0,1903.0,397.0,538.0,147.0,446.0,309.0,680.0,989.0,442.0,570.0,237.0,441.0,101.0,2116.0,6875,2,0.53125,0.6,0.53125,0.6,1,1,279.0,141.0,5938.0,1889.0,292.0,609.0,901.0,504.0,188.0,62.0,404.0,532.0,1695.0,707.0,443.0,329.0,399.0,146.0,3.0,43.0,23.0,931.0,326.0,40.0,82.0,122.0,93.0,25.0,8.0,42.0,75.0,274.0,122.0,75.0,57.0,67.0,25.0,0.0,1,0.2386434331054962
136,5,WAS,7.0,1,896.0,2191.0,381.0,507.0,157.0,505.0,382.0,703.0,1085.0,568.0,676.0,213.0,462.0,99.0,2330.0,909.0,2033.0,509.0,691.0,171.0,482.0,334.0,781.0,1115.0,591.0,565.0,251.0,468.0,119.0,2498.0,6850,2,0.2647058823529412,0.0,0.0,0.0,0,0,296.0,195.0,6916.0,2527.0,385.0,741.0,1126.0,575.0,238.0,97.0,463.0,664.0,2355.0,970.0,577.0,429.0,493.0,158.0,3.0,3.0,3.0,104.0,50.0,3.0,10.0,13.0,5.0,2.0,4.0,8.0,10.0,31.0,12.0,34.0,26.0,1.0,0.0,0.0,1,0.2624756525679859
137,6,WAS,4.0,0,873.0,2088.0,474.0,661.0,105.0,283.0,337.0,726.0,1063.0,467.0,652.0,255.0,424.0,128.0,2325.0,864.0,2013.0,510.0,686.0,146.0,425.0,336.0,770.0,1106.0,534.0,627.0,237.0,492.0,111.0,2384.0,6900,3,0.5,0.3333333333333333,0.4375,0.0,3,0,289.0,172.0,6468.0,1993.0,332.0,646.0,978.0,387.0,225.0,119.0,410.0,661.0,1731.0,749.0,579.0,406.0,226.0,89.0,3.0,22.0,12.0,458.0,151.0,23.0,58.0,81.0,25.0,14.0,15.0,26.0,45.0,134.0,54.0,46.0,38.0,10.0,5.0,0.0,1,0.30868136626515474
138,7,WAS,5.0,1,847.0,1968.0,388.0,546.0,181.0,510.0,266.0,677.0,943.0,517.0,697.0,260.0,435.0,76.0,2263.0,833.0,1872.0,489.0,648.0,150.0,433.0,267.0,757.0,1024.0,545.0,638.0,205.0,504.0,108.0,2305.0,6850,3,0.47058823529411764,0.0,0.47058823529411764,0.0,3,0,244.0,148.0,5750.0,1970.0,242.0,548.0,790.0,363.0,215.0,66.0,337.0,571.0,1727.0,717.0,494.0,354.0,537.0,182.0,6.0,4.0,3.0,111.0,29.0,3.0,10.0,13.0,18.0,4.0,1.0,4.0,9.0,34.0,9.0,11.0,8.0,18.0,3.0,0.0,2,0.3093616673486087
139,8,WAS,4.0,0,1016.0,2199.0,528.0,715.0,187.0,522.0,330.0,770.0,1100.0,576.0,784.0,306.0,541.0,113.0,2747.0,909.0,2102.0,635.0,851.0,204.0,553.0,321.0,720.0,1041.0,583.0,687.0,252.0,573.0,89.0,2657.0,6900,4,0.5294117647058824,0.0,0.5294117647058824,0.0,4,0,333.0,176.0,7076.0,2871.0,332.0,795.0,1127.0,590.0,310.0,129.0,531.0,782.0,2305.0,1054.0,753.0,557.0,585.0,206.0,13.0,17.0,10.0,396.0,126.0,30.0,50.0,80.0,27.0,15.0,3.0,29.0,47.0,140.0,48.0,38.0,22.0,32.0,8.0,1.0,2,0.29571066472358815
140,9,WAS,5.0,0,877.0,2170.0,668.0,839.0,163.0,528.0,335.0,783.0,1118.0,472.0,763.0,282.0,571.0,133.0,2585.0,924.0,2216.0,616.0,801.0,175.0,520.0,383.0,825.0,1208.0,549.0,762.0,256.0,579.0,103.0,2639.0,6825,4,0.47058823529411764,0.0,0.5333333333333333,0.0,0,0,318.0,121.0,5708.0,2188.0,334.0,637.0,971.0,366.0,213.0,106.0,428.0,619.0,1760.0,761.0,735.0,557.0,355.0,109.0,9.0,5.0,0.0,19.0,8.0,1.0,4.0,5.0,0.0,1.0,1.0,3.0,6.0,4.0,3.0,3.0,2.0,0.0,0.0,0.0,2,0.21206498049158373
141,10,WAS,6.0,1,885.0,2131.0,435.0,659.0,163.0,460.0,362.0,770.0,1132.0,483.0,757.0,241.0,637.0,93.0,2368.0,929.0,2096.0,563.0,760.0,180.0,528.0,306.0,787.0,1093.0,542.0,708.0,314.0,530.0,146.0,2601.0,6875,4,0.29411764705882354,0.0,0.0,0.0,0,0,325.0,186.0,6825.0,2476.0,370.0,735.0,1105.0,564.0,257.0,90.0,585.0,857.0,2170.0,891.0,828.0,559.0,413.0,135.0,14.0,3.0,0.0,30.0,10.0,1.0,0.0,1.0,1.0,1.0,0.0,4.0,4.0,9.0,4.0,0.0,0.0,6.0,2.0,0.0,0,0.2708584615628686
